RecipID,RecipName,DonorID,DonorName,dontot,pctofpacreceipts,pctofallreceipts
30011,Minneapolis Regional Labor Federation,40712,Laborers District Council of Minn & ND Pol Fund,"$37,250.00 ",29.34088325,6.307258905
30011,Minneapolis Regional Labor Federation,30245,Minn Nurses Assn Pol Comm (MNA-PC),"$25,500.00 ",20.08570531,4.317720861
30011,Minneapolis Regional Labor Federation,30593,AFSCME Minn PEOPLE Committee Council 5 PAC,"$20,000.00 ",15.75349436,3.386447734
30011,Minneapolis Regional Labor Federation,30119,IBEW Local 292 Political Education Fund,"$15,000.00 ",11.81512077,2.539835801
30011,Minneapolis Regional Labor Federation,30022,Local 59 Political Fund,"$10,000.00 ",7.876747181,1.693223867
30011,Minneapolis Regional Labor Federation,30611,IUPAT Political Action Together Pol Committee,"$6,500.00 ",5.119885667,1.100595514
30011,Minneapolis Regional Labor Federation,30058,International Union of Operating Engineers,"$4,000.00 ",3.150698872,0.677289547
30011,Minneapolis Regional Labor Federation,30558,Education Minn PAC,"$2,590.00 ",2.04007752,0.438544982
30011,Minneapolis Regional Labor Federation,40246,PAL 9 Natl Assoc of Letter Carriers,"$1,800.00 ",1.417814493,0.304780296
30011,Minneapolis Regional Labor Federation,30037,SEIU Minn State Council Political Fund,"$1,500.00 ",1.181512077,0.25398358
30011,Minneapolis Regional Labor Federation,40404,IBEW Minn State Council PAC,"$1,500.00 ",1.181512077,0.25398358
30011,Minneapolis Regional Labor Federation,30012,Minneapolis Bldg & Construct Trades Council,$500.00 ,0.393837359,8.47E-02
30011,Minneapolis Regional Labor Federation,30060,Minn State Council of UNITE HERE Unions,$500.00 ,0.393837359,8.47E-02
30011,Minneapolis Regional Labor Federation,30588,Sheet Metal Workers PAC 10,$315.96 ,0.248873704,5.35E-02
30012,Minneapolis Bldg & Construct Trades Council,30561,North Central States Carpenters PAC,$500.00 ,33.33333333,33.33333333
30012,Minneapolis Bldg & Construct Trades Council,30119,IBEW Local 292 Political Education Fund,$300.00 ,20,20
30012,Minneapolis Bldg & Construct Trades Council,30599,Minn Pipe Trades Assn PAC Fund,$300.00 ,20,20
30012,Minneapolis Bldg & Construct Trades Council,30058,International Union of Operating Engineers,$200.00 ,13.33333333,13.33333333
30012,Minneapolis Bldg & Construct Trades Council,40712,Laborers District Council of Minn & ND Pol Fund,$200.00 ,13.33333333,13.33333333
30013,Joint Council 32 DRIVE,40815,DRIVE- Democrat Republican Ind. Voter Edu.,"$446,891.53 ",99.9686823,30.63854068
30013,Joint Council 32 DRIVE,40246,PAL 9 Natl Assoc of Letter Carriers,$140.00 ,3.13E-02,9.60E-03
30025,Minn AFL-CIO,30037,SEIU Minn State Council Political Fund,"$106,730.03 ",14.52892618,8.089741793
30025,Minn AFL-CIO,40712,Laborers District Council of Minn & ND Pol Fund,"$90,000.00 ",12.25150369,6.821667354
30025,Minn AFL-CIO,30593,AFSCME Minn PEOPLE Committee Council 5 PAC,"$86,047.55 ",11.71346529,6.522086253
30025,Minn AFL-CIO,30558,Education Minn PAC,"$72,000.00 ",9.801202949,5.457333883
30025,Minn AFL-CIO,80026,Minn Assoc of Professional Employees Political Fund,"$70,000.00 ",9.528947312,5.305741276
30025,Minn AFL-CIO,30093,SEIU Healthcare Minn (fka SEIU Local 113),"$65,520.60 ",8.91917568,4.966218933
30025,Minn AFL-CIO,40404,IBEW Minn State Council PAC,"$55,000.00 ",7.487030031,4.168796717
30025,Minn AFL-CIO,30245,Minn Nurses Assn Pol Comm (MNA-PC),"$40,682.00 ",5.537951922,3.083545237
30025,Minn AFL-CIO,30270,MAPE-PAC,"$25,500.00 ",3.471259378,1.93280575
30025,Minn AFL-CIO,30058,International Union of Operating Engineers,"$25,000.00 ",3.403195469,1.894907598
30025,Minn AFL-CIO,30611,IUPAT Political Action Together Pol Committee,"$18,251.00 ",2.48446882,1.383358343
30025,Minn AFL-CIO,30550,Suburban School Emp Local 284 Pol Act Fund,"$13,961.00 ",1.900480477,1.058192199
30025,Minn AFL-CIO,30115,Minn State MNPL,"$10,000.00 ",1.361278187,0.757963039
30025,Minn AFL-CIO,30594,Boilermakers 647 Political Action Fund,"$10,000.00 ",1.361278187,0.757963039
30025,Minn AFL-CIO,80021,CWA COPE PCC,"$10,000.00 ",1.361278187,0.757963039
30025,Minn AFL-CIO,30236,IBEW Local 343 Political Education Fund (fka Electr Loc 343 IBEW Ed Fd),"$9,440.88 ",1.285166401,0.71558381
30025,Minn AFL-CIO,30013,Joint Council 32 DRIVE,"$8,000.00 ",1.08902255,0.606370431
30025,Minn AFL-CIO,30608,MN State Bldg & Construction Trades Cncl Pol Fund,"$5,000.00 ",0.680639094,0.37898152
30025,Minn AFL-CIO,30060,Minn State Council of UNITE HERE Unions,"$4,000.00 ",0.544511275,0.303185216
30025,Minn AFL-CIO,30098,Minn Professional Fire Fighters PAC,"$3,200.00 ",0.43560902,0.242548173
30025,Minn AFL-CIO,30092,Iron Workers Local 512,"$3,000.00 ",0.408383456,0.227388912
30025,Minn AFL-CIO,30599,Minn Pipe Trades Assn PAC Fund,"$1,920.80 ",0.261474314,0.145589541
30025,Minn AFL-CIO,30064,Local 28 Political Fund,$600.00 ,8.17E-02,4.55E-02
30025,Minn AFL-CIO,40994,Northeast ALC PAC,$549.85 ,7.48E-02,0.041676598
30025,Minn AFL-CIO,30019,UTU PAC-MN,$200.00 ,2.72E-02,1.52E-02
30037,SEIU Minn State Council Political Fund,30093,SEIU Healthcare Minn (fka SEIU Local 113),"$224,956.28 ",61.11627674,13.61451177
30037,SEIU Minn State Council Political Fund,30550,Suburban School Emp Local 284 Pol Act Fund,"$77,015.41 ",20.92359998,4.661026708
30037,SEIU Minn State Council Political Fund,30602,SEIU Local 26 Political Fund,"$66,107.47 ",17.96012328,4.000870518
30058,International Union of Operating Engineers,40712,Laborers District Council of Minn & ND Pol Fund,"$3,000.00 ",38.3820679,2.016393684
30058,International Union of Operating Engineers,41005,Edinans for Erhardt,"$2,816.15 ",36.02988684,1.892822358
30058,International Union of Operating Engineers,30561,North Central States Carpenters PAC,"$1,000.00 ",12.79402263,0.672131228
30058,International Union of Operating Engineers,80023,Teamsters Local 120 DRIVE,"$1,000.00 ",12.79402263,0.672131228
30060,Minn State Council of UNITE HERE Unions,30606,UNITE HERE TIP State and Local Fund-MN,"$37,500.00 ",100,19.85177237
30088,AFL-CIO Southeast Central Labor Council,40712,Laborers District Council of Minn & ND Pol Fund,"$1,400.00 ",32.55813953,22.95081967
30088,AFL-CIO Southeast Central Labor Council,30236,IBEW Local 343 Political Education Fund (fka Electr Loc 343 IBEW Ed Fd),"$1,300.00 ",30.23255814,21.31147541
30088,AFL-CIO Southeast Central Labor Council,30025,Minn AFL-CIO,$500.00 ,11.62790698,8.196721311
30088,AFL-CIO Southeast Central Labor Council,30119,IBEW Local 292 Political Education Fund,$500.00 ,11.62790698,8.196721311
30088,AFL-CIO Southeast Central Labor Council,30316,IBEW 110 PAC,$300.00 ,6.976744186,4.918032787
30088,AFL-CIO Southeast Central Labor Council,30575,CWA Minnesota State Council,$300.00 ,6.976744186,4.918032787
30093,SEIU Healthcare Minn (fka SEIU Local 113),30037,SEIU Minn State Council Political Fund,"$11,795.34 ",100,3.895947542
30096,Duluth FirePAC,30154,St Paul Firefighters Local 21 Political Action Committee,$900.00 ,100,0.80755875
30124,Multi Housing Political Action Committee,30640,Dominium Political Fund,"$10,000.00 ",100,3.286487197
30168,DFL Feminist Caucus - Candidates Fund,40634,Stonewall DFL (The),$320.00 ,75.29411765,2.643990045
30168,DFL Feminist Caucus - Candidates Fund,30025,Minn AFL-CIO,$105.00 ,24.70588235,0.867559234
30191,VOTE - 66,30593,AFSCME Minn PEOPLE Committee Council 5 PAC,$500.00 ,100,1.818181818
30195,MN Retailers IMPACT (fka Mn Retail Pol Advocacy Fd),30587,Goff Public PAC,$250.00 ,55.55555556,0.809154712
30195,MN Retailers IMPACT (fka Mn Retail Pol Advocacy Fd),40786,Messerli & Kramer Political Action Comm,$200.00 ,44.44444444,0.647323769
30225,TRIAL-PAC,30258,RKM&C Fund,"$30,000.00 ",78.94736842,7.31326403
30225,TRIAL-PAC,30593,AFSCME Minn PEOPLE Committee Council 5 PAC,"$4,000.00 ",10.52631579,0.975101871
30225,TRIAL-PAC,30058,International Union of Operating Engineers,"$2,000.00 ",5.263157895,0.487550935
30225,TRIAL-PAC,30558,Education Minn PAC,"$2,000.00 ",5.263157895,0.487550935
30270,MAPE-PAC,30558,Education Minn PAC,"$1,500.00 ",100,1.256302451
30273,Duluth Central Labor Body COPE Fund,30593,AFSCME Minn PEOPLE Committee Council 5 PAC,"$10,000.00 ",51.41388175,33.61498206
30273,Duluth Central Labor Body COPE Fund,30191,VOTE - 66,"$7,700.00 ",39.58868895,25.88353619
30273,Duluth Central Labor Body COPE Fund,40712,Laborers District Council of Minn & ND Pol Fund,$750.00 ,3.856041131,2.521123655
30273,Duluth Central Labor Body COPE Fund,30086,Duluth Federation of Teachers Political Fund,$600.00 ,3.084832905,2.016898924
30273,Duluth Central Labor Body COPE Fund,40094,IBEW Local #31 Volunteer COPE Fund,$400.00 ,2.05655527,1.344599283
30288,Minn Police & Peace Officers Assoc Leg Fund,30558,Education Minn PAC,"$40,000.00 ",100,37.35524841
30331,IBEW - COPE,30316,IBEW 110 PAC,"$75,258.00 ",47.5735336,16.92770004
30331,IBEW - COPE,40094,IBEW Local #31 Volunteer COPE Fund,"$45,415.00 ",28.70860278,10.21514653
30331,IBEW - COPE,30236,IBEW Local 343 Political Education Fund (fka Electr Loc 343 IBEW Ed Fd),"$32,520.00 ",20.55716751,7.314688211
30331,IBEW - COPE,30119,IBEW Local 292 Political Education Fund,"$5,000.00 ",3.160696112,1.124644559
30550,Suburban School Emp Local 284 Pol Act Fund,30037,SEIU Minn State Council Political Fund,"$12,049.39 ",100,34.37831586
30552,NARAL Pro-Choice Minn Election Fund,30225,TRIAL-PAC,"$8,000.00 ",100,59.16722136
30556,St Paul Area Chamber of Commerce PAC,40105,Lindquist & Vennum Political Fund,$850.00 ,32.69230769,0.8636456
30556,St Paul Area Chamber of Commerce PAC,30345,Winthrop & Weinstine PA Political Fund,$650.00 ,25,0.660434871
30556,St Paul Area Chamber of Commerce PAC,40786,Messerli & Kramer Political Action Comm,$650.00 ,25,0.660434871
30556,St Paul Area Chamber of Commerce PAC,30242,Leonard Street and Deinard PAC,$450.00 ,17.30769231,0.457224141
30557,NAIOP Economic Growth Fund,30163,Faegre Baker Daniels State-Reg Pol Fund (fka Faegre & Benson LLP),"$1,250.00 ",100,2.064307301
30558,Education Minn PAC,30245,Minn Nurses Assn Pol Comm (MNA-PC),"$15,000.00 ",99.14104201,0.3144912
30558,Education Minn PAC,30086,Duluth Federation of Teachers Political Fund,$129.96 ,0.858957988,2.72E-03
30560,So Dakota Cty Labor Council COPE Fund,40790,St Paul Regional Labor Federation AFL-CIO (fka St Pl Trds & Lbr Asmbly PAC),"$3,650.14 ",100,46.85505527
30561,North Central States Carpenters PAC,40820,Local 851 Political Action Committee,"$12,364.60 ",69.42079345,64.19470549
30561,North Central States Carpenters PAC,40782,Carpenters Local 1644 PAC,"$3,145.56 ",17.66068219,16.33116298
30561,North Central States Carpenters PAC,41005,Edinans for Erhardt,"$1,461.66 ",8.206460132,7.5886671
30561,North Central States Carpenters PAC,30548,Carpenters Union Local #87 PAF,$839.27 ,4.712064225,4.357333879
30575,CWA Minnesota State Council,30576,CWA Local 7250 Political Fund,$492.58 ,100,4.286069795
30592,Carpenters Local Union 361 Pol Fund,30561,North Central States Carpenters PAC,$500.00 ,100,5.882352941
30593,AFSCME Minn PEOPLE Committee Council 5 PAC,30204,AFSCME,"$1,223,268.00 ",100,59.92886802
30599,Minn Pipe Trades Assn PAC Fund,30325,St Paul Pipefitters Local 455 PAC,"$5,677.00 ",38.96782289,8.124209242
30599,Minn Pipe Trades Assn PAC Fund,30239,Pipe Fitters Local 539,"$2,651.07 ",18.19736238,3.79387835
30599,Minn Pipe Trades Assn PAC Fund,30033,Plumbers Local Union #15 COPE Account,"$2,300.00 ",15.78756256,3.291471069
30599,Minn Pipe Trades Assn PAC Fund,30083,U A Plumbers Local #34 Political Fund,"$1,600.00 ",10.98265221,2.289719004
30599,Minn Pipe Trades Assn PAC Fund,30577,Plumbers & Steamfitters Local 11 PAC Fund,"$1,533.08 ",10.52330279,2.193951507
30599,Minn Pipe Trades Assn PAC Fund,30234,Sprinkler Fitters Local Union No 417,$419.00 ,2.876082049,0.599620164
30599,Minn Pipe Trades Assn PAC Fund,30571,Plumbers & Pipefitters Local #589 Pol Action Comm,$388.28 ,2.665215126,0.555657559
30600,Carpenters Local 930 PAC,30561,North Central States Carpenters PAC,$200.00 ,100,33.38898164
30602,SEIU Local 26 Political Fund,30037,SEIU Minn State Council Political Fund,"$63,964.23 ",96.96805375,76.15320545
30602,SEIU Local 26 Political Fund,30093,SEIU Healthcare Minn (fka SEIU Local 113),"$2,000.00 ",3.031946253,2.381118492
30603,St Paul Police Federation Political Awareness Fund,30556,St Paul Area Chamber of Commerce PAC,"$10,000.00 ",89.28571429,15.16415194
30603,St Paul Police Federation Political Awareness Fund,30058,International Union of Operating Engineers,"$1,000.00 ",8.928571429,1.516415194
30603,St Paul Police Federation Political Awareness Fund,30568,Rice Michels & Walther LLP Political Fund,$200.00 ,1.785714286,0.303283039
30608,MN State Bldg & Construction Trades Cncl Pol Fund,80023,Teamsters Local 120 DRIVE,"$5,000.00 ",21.81270564,2.401042821
30608,MN State Bldg & Construction Trades Cncl Pol Fund,30092,Iron Workers Local 512,"$2,914.00 ",12.71244485,1.399327756
30608,MN State Bldg & Construction Trades Cncl Pol Fund,40404,IBEW Minn State Council PAC,"$2,655.39 ",11.58424809,1.275141019
30608,MN State Bldg & Construction Trades Cncl Pol Fund,30058,International Union of Operating Engineers,"$2,192.46 ",9.564696921,1.052838069
30608,MN State Bldg & Construction Trades Cncl Pol Fund,30270,MAPE-PAC,"$2,163.50 ",9.43835773,1.038931229
30608,MN State Bldg & Construction Trades Cncl Pol Fund,30060,Minn State Council of UNITE HERE Unions,"$1,503.59 ",6.559473214,0.722036795
30608,MN State Bldg & Construction Trades Cncl Pol Fund,30245,Minn Nurses Assn Pol Comm (MNA-PC),"$1,422.63 ",6.206281885,0.68315911
30608,MN State Bldg & Construction Trades Cncl Pol Fund,30561,North Central States Carpenters PAC,"$1,304.88 ",5.692592667,0.626614551
30608,MN State Bldg & Construction Trades Cncl Pol Fund,30599,Minn Pipe Trades Assn PAC Fund,"$1,230.55 ",5.368324985,0.590920649
30608,MN State Bldg & Construction Trades Cncl Pol Fund,30074,Amalgamated Transit Union Local 1005,"$1,148.12 ",5.00872072,0.551337057
30608,MN State Bldg & Construction Trades Cncl Pol Fund,30035,UAW Minn State CAP Council Political Fd,$828.70 ,3.615237833,0.397948837
30608,MN State Bldg & Construction Trades Cncl Pol Fund,30588,Sheet Metal Workers PAC 10,$558.60 ,2.436915474,0.268244504
30613,Ewald Political Fund,30260,Management Concerned for Public Education,$250.00 ,50,4.06504065
30613,Ewald Political Fund,30553,Minn CAP-PAC,$250.00 ,50,4.06504065
30617,Building Trades C1 PAC Fund,30316,IBEW 110 PAC,$750.00 ,32.60869565,2.645502646
30617,Building Trades C1 PAC Fund,30611,IUPAT Political Action Together Pol Committee,$500.00 ,21.73913043,1.76366843
30617,Building Trades C1 PAC Fund,30058,International Union of Operating Engineers,$300.00 ,13.04347826,1.058201058
30617,Building Trades C1 PAC Fund,30599,Minn Pipe Trades Assn PAC Fund,$300.00 ,13.04347826,1.058201058
30617,Building Trades C1 PAC Fund,40712,Laborers District Council of Minn & ND Pol Fund,$300.00 ,13.04347826,1.058201058
30617,Building Trades C1 PAC Fund,30561,North Central States Carpenters PAC,$150.00 ,6.52173913,0.529100529
30618,Working Families Fund,30088,AFL-CIO Southeast Central Labor Council,"$4,559.78 ",53.51992657,7.409233325
30618,Working Families Fund,30093,SEIU Healthcare Minn (fka SEIU Local 113),"$1,000.00 ",11.73739228,1.624910264
30618,Working Families Fund,30074,Amalgamated Transit Union Local 1005,$680.00 ,7.98142675,1.10493898
30618,Working Families Fund,30236,IBEW Local 343 Political Education Fund (fka Electr Loc 343 IBEW Ed Fd),$600.00 ,7.042435368,0.974946159
30618,Working Families Fund,40712,Laborers District Council of Minn & ND Pol Fund,$400.00 ,4.694956912,0.649964106
30618,Working Families Fund,30119,IBEW Local 292 Political Education Fund,$300.00 ,3.521217684,0.487473079
30618,Working Families Fund,30239,Pipe Fitters Local 539,$240.00 ,2.816974147,0.389978463
30618,Working Families Fund,30325,St Paul Pipefitters Local 455 PAC,$200.00 ,2.347478456,0.324982053
30618,Working Families Fund,30022,Local 59 Political Fund,$180.00 ,2.11273061,0.292483848
30618,Working Families Fund,40246,PAL 9 Natl Assoc of Letter Carriers,$180.00 ,2.11273061,0.292483848
30618,Working Families Fund,40994,Northeast ALC PAC,$180.00 ,2.11273061,0.292483848
30623,Working America Minn Political Committee,30558,Education Minn PAC,"$105,000.00 ",34.5159438,21.52188726
30623,Working America Minn Political Committee,30625,WIN Minnesota Political Action Fund,"$100,000.00 ",32.87232743,20.49703548
30623,Working America Minn Political Committee,30025,Minn AFL-CIO,"$56,019.74 ",18.41499236,11.48238599
30623,Working America Minn Political Committee,30593,AFSCME Minn PEOPLE Committee Council 5 PAC,"$22,687.50 ",7.457909286,4.650264925
30623,Working America Minn Political Committee,30058,International Union of Operating Engineers,"$12,200.00 ",4.010423947,2.500638329
30623,Working America Minn Political Committee,30608,MN State Bldg & Construction Trades Cncl Pol Fund,"$2,500.00 ",0.821808186,0.512425887
30623,Working America Minn Political Committee,30618,Working Families Fund,"$2,500.00 ",0.821808186,0.512425887
30623,Working America Minn Political Committee,30115,Minn State MNPL,"$1,000.00 ",0.328723274,0.204970355
30623,Working America Minn Political Committee,40404,IBEW Minn State Council PAC,"$1,000.00 ",0.328723274,0.204970355
30623,Working America Minn Political Committee,40712,Laborers District Council of Minn & ND Pol Fund,"$1,000.00 ",0.328723274,0.204970355
30623,Working America Minn Political Committee,30092,Iron Workers Local 512,$300.00 ,9.86E-02,6.15E-02
30625,WIN Minnesota Political Action Fund,99999,2010/2012 Funds,"$115,961.93 ",50.31717386,2.020950118
30625,WIN Minnesota Political Action Fund,30013,Joint Council 32 DRIVE,"$50,000.00 ",21.69555727,0.871385168
30625,WIN Minnesota Political Action Fund,30060,Minn State Council of UNITE HERE Unions,"$25,000.00 ",10.84777863,0.435692584
30625,WIN Minnesota Political Action Fund,30058,International Union of Operating Engineers,"$10,000.00 ",4.339111453,0.174277034
30625,WIN Minnesota Political Action Fund,30119,IBEW Local 292 Political Education Fund,"$10,000.00 ",4.339111453,0.174277034
30625,WIN Minnesota Political Action Fund,30635,Housing First,"$7,500.00 ",3.25433359,0.130707775
30625,WIN Minnesota Political Action Fund,30154,St Paul Firefighters Local 21 Political Action Committee,"$6,000.00 ",2.603466872,0.10456622
30625,WIN Minnesota Political Action Fund,30316,IBEW 110 PAC,"$5,000.00 ",2.169555727,8.71E-02
30625,WIN Minnesota Political Action Fund,30011,Minneapolis Regional Labor Federation,"$1,000.00 ",0.433911145,1.74E-02
30629,Impact Minnesota Political Fund,30625,WIN Minnesota Political Action Fund,"$29,500.00 ",100,15.44892885
30633,OutFront MN Action Independent Expenditure Fund,30631,HRC Equality Votes Minnesota,"$20,000.00 ",69.62047789,46.95366941
30633,OutFront MN Action Independent Expenditure Fund,70033,OutFront Minnesota Action,"$8,727.18 ",30.37952211,20.48865623
30634,Greater Minnesota Votes,30593,AFSCME Minn PEOPLE Committee Council 5 PAC,"$15,000.00 ",32.60869565,31.18503119
30634,Greater Minnesota Votes,40404,IBEW Minn State Council PAC,"$11,500.00 ",25,23.90852391
30634,Greater Minnesota Votes,30558,Education Minn PAC,"$10,000.00 ",21.73913043,20.79002079
30634,Greater Minnesota Votes,30618,Working Families Fund,"$5,000.00 ",10.86956522,10.3950104
30634,Greater Minnesota Votes,30093,SEIU Healthcare Minn (fka SEIU Local 113),"$2,000.00 ",4.347826087,4.158004158
30634,Greater Minnesota Votes,30270,MAPE-PAC,"$1,000.00 ",2.173913043,2.079002079
30634,Greater Minnesota Votes,30058,International Union of Operating Engineers,$500.00 ,1.086956522,1.03950104
30634,Greater Minnesota Votes,30626,East Central MN Area Labor Council COPE,$500.00 ,1.086956522,1.03950104
30634,Greater Minnesota Votes,30316,IBEW 110 PAC,$250.00 ,0.543478261,0.51975052
30634,Greater Minnesota Votes,30588,Sheet Metal Workers PAC 10,$250.00 ,0.543478261,0.51975052
30636,TakeAction Political Fund,40404,IBEW Minn State Council PAC,"$7,500.00 ",78.94736842,0.896418068
30636,TakeAction Political Fund,80021,CWA COPE PCC,"$2,000.00 ",21.05263158,0.239044818
30637,Somali Action Alliance Political Fund,30558,Education Minn PAC,"$10,000.00 ",100,18.32340815
30638,NARAL Pro-Choice Minnesota,80024,Alliance for a Better Minnesota Action Fund,"$4,240.00 ",100,100
30646,Citizens for Smith,30593,AFSCME Minn PEOPLE Committee Council 5 PAC,"$2,000.00 ",36.36363636,21.75909204
30646,Citizens for Smith,30037,SEIU Minn State Council Political Fund,"$1,000.00 ",18.18181818,10.87954602
30646,Citizens for Smith,30245,Minn Nurses Assn Pol Comm (MNA-PC),"$1,000.00 ",18.18181818,10.87954602
30646,Citizens for Smith,30561,North Central States Carpenters PAC,"$1,000.00 ",18.18181818,10.87954602
30646,Citizens for Smith,30058,International Union of Operating Engineers,$500.00 ,9.090909091,5.439773009
30647,CMVC Fund (Conservation MN Voter Center),40295,Friends of DFL Women,$500.00 ,100,1.234567901
30649,Unidos Votamos - United We Vote,70026,Take Action PAC,"$2,200.00 ",100,11.17634597
30654,Public Safety Matters Campaign,30558,Education Minn PAC,"$40,000.00 ",43.24324324,13.02295295
30654,Public Safety Matters Campaign,30593,AFSCME Minn PEOPLE Committee Council 5 PAC,"$25,000.00 ",27.02702703,8.139345597
30654,Public Safety Matters Campaign,30270,MAPE-PAC,"$5,000.00 ",5.405405405,1.627869119
30654,Public Safety Matters Campaign,30561,North Central States Carpenters PAC,"$5,000.00 ",5.405405405,1.627869119
30654,Public Safety Matters Campaign,30625,WIN Minnesota Political Action Fund,"$5,000.00 ",5.405405405,1.627869119
30654,Public Safety Matters Campaign,41020,Hennepin County Deputies PAC (fka Hennepin Cnty Law Enfcmt PAC),"$5,000.00 ",5.405405405,1.627869119
30654,Public Safety Matters Campaign,80026,Minn Assoc of Professional Employees Political Fund,"$5,000.00 ",5.405405405,1.627869119
30654,Public Safety Matters Campaign,30567,BCA Agents Political Fund,"$2,500.00 ",2.702702703,0.81393456
40086,Aitkin County DFL Club,40094,IBEW Local #31 Volunteer COPE Fund,$500.00 ,50,20.40816327
40086,Aitkin County DFL Club,40404,IBEW Minn State Council PAC,$500.00 ,50,20.40816327
40098,Road PAC of Minn,40712,Laborers District Council of Minn & ND Pol Fund,"$2,000.00 ",37.20722564,2.85509127
40098,Road PAC of Minn,30058,International Union of Operating Engineers,"$1,000.00 ",18.60361282,1.427545635
40098,Road PAC of Minn,30559,ARM - Political Action Comm,"$1,000.00 ",18.60361282,1.427545635
40098,Road PAC of Minn,30580,D B I - E - PAG,$875.30 ,16.2837423,1.249530694
40098,Road PAC of Minn,30561,North Central States Carpenters PAC,$500.00 ,9.301806411,0.713772818
40268,womenwinning State PAC,40847,Emilys List - Minn,"$5,500.00 ",35.0877193,1.027088986
40268,womenwinning State PAC,80026,Minn Assoc of Professional Employees Political Fund,"$4,250.00 ",27.11323764,0.793659671
40268,womenwinning State PAC,30258,RKM&C Fund,"$3,000.00 ",19.13875598,0.560230356
40268,womenwinning State PAC,30119,IBEW Local 292 Political Education Fund,"$2,000.00 ",12.75917065,0.373486904
40268,womenwinning State PAC,30558,Education Minn PAC,$425.00 ,2.711323764,7.94E-02
40268,womenwinning State PAC,40940,MOHPA PAC,$250.00 ,1.594896332,4.67E-02
40268,womenwinning State PAC,40979,Rochester Citizens Coalition,$125.00 ,0.797448166,0.023342932
40268,womenwinning State PAC,40981,Progressive Majority Minnesota,$125.00 ,0.797448166,0.023342932
40295,Friends of DFL Women,30031,Minneapolis Firefighters Fraternal Assn (fka Relief Assn Pol Fund),"$3,000.00 ",6.319115324,3.657644477
40295,Friends of DFL Women,40550,Shakopee Mdewakanton Sioux,"$3,000.00 ",6.319115324,3.657644477
40295,Friends of DFL Women,30558,Education Minn PAC,"$2,000.00 ",4.212743549,2.438429651
40295,Friends of DFL Women,30563,Bois Forte Political Education Fund,"$2,000.00 ",4.212743549,2.438429651
40295,Friends of DFL Women,30584,Best & Flanagan Political Fund,"$1,750.00 ",3.686150606,2.133625945
40295,Friends of DFL Women,30308,IFO Political Action Committee Fund (Inter Faculty Organization),"$1,700.00 ",3.580832017,2.072665204
40295,Friends of DFL Women,30007,Minneapolis Municipal Retirement Assoc,"$1,500.00 ",3.159557662,1.828822238
40295,Friends of DFL Women,30013,Joint Council 32 DRIVE,"$1,500.00 ",3.159557662,1.828822238
40295,Friends of DFL Women,30128,Minneapolis Police Relief Assoc,"$1,500.00 ",3.159557662,1.828822238
40295,Friends of DFL Women,30230,Lockridge Grindal Nauen PLLP State Pol Fnd,"$1,500.00 ",3.159557662,1.828822238
40295,Friends of DFL Women,30608,MN State Bldg & Construction Trades Cncl Pol Fund,"$1,500.00 ",3.159557662,1.828822238
40295,Friends of DFL Women,40991,FEAPAC - MINN,"$1,500.00 ",3.159557662,1.828822238
40295,Friends of DFL Women,40404,IBEW Minn State Council PAC,"$1,250.00 ",2.632964718,1.524018532
40295,Friends of DFL Women,30011,Minneapolis Regional Labor Federation,"$1,000.00 ",2.106371775,1.219214826
40295,Friends of DFL Women,30060,Minn State Council of UNITE HERE Unions,"$1,000.00 ",2.106371775,1.219214826
40295,Friends of DFL Women,30074,Amalgamated Transit Union Local 1005,"$1,000.00 ",2.106371775,1.219214826
40295,Friends of DFL Women,30116,Dorsey Political Fund,"$1,000.00 ",2.106371775,1.219214826
40295,Friends of DFL Women,30163,Faegre Baker Daniels State-Reg Pol Fund (fka Faegre & Benson LLP),"$1,000.00 ",2.106371775,1.219214826
40295,Friends of DFL Women,30192,Saint Paul Teachers Pension PAC,"$1,000.00 ",2.106371775,1.219214826
40295,Friends of DFL Women,30242,Leonard Street and Deinard PAC,"$1,000.00 ",2.106371775,1.219214826
40295,Friends of DFL Women,30345,Winthrop & Weinstine PA Political Fund,"$1,000.00 ",2.106371775,1.219214826
40295,Friends of DFL Women,30555,Prairie Island Indian Community PAC,"$1,000.00 ",2.106371775,1.219214826
40295,Friends of DFL Women,40714,Minn Hospital PAC,"$1,000.00 ",2.106371775,1.219214826
40295,Friends of DFL Women,30124,Multi Housing Political Action Committee,$750.00 ,1.579778831,0.914411119
40295,Friends of DFL Women,30224,CUVOL,$750.00 ,1.579778831,0.914411119
40295,Friends of DFL Women,30270,MAPE-PAC,$750.00 ,1.579778831,0.914411119
40295,Friends of DFL Women,30599,Minn Pipe Trades Assn PAC Fund,$750.00 ,1.579778831,0.914411119
40295,Friends of DFL Women,80023,Teamsters Local 120 DRIVE,$750.00 ,1.579778831,0.914411119
40295,Friends of DFL Women,30022,Local 59 Political Fund,$625.00 ,1.316482359,0.762009266
40295,Friends of DFL Women,30019,UTU PAC-MN,$500.00 ,1.053185887,0.609607413
40295,Friends of DFL Women,30025,Minn AFL-CIO,$500.00 ,1.053185887,0.609607413
40295,Friends of DFL Women,30037,SEIU Minn State Council Political Fund,$500.00 ,1.053185887,0.609607413
40295,Friends of DFL Women,30064,Local 28 Political Fund,$500.00 ,1.053185887,0.609607413
40295,Friends of DFL Women,30111,Minn Chiropractic Political Action Comm,$500.00 ,1.053185887,0.609607413
40295,Friends of DFL Women,30225,TRIAL-PAC,$500.00 ,1.053185887,0.609607413
40295,Friends of DFL Women,30245,Minn Nurses Assn Pol Comm (MNA-PC),$500.00 ,1.053185887,0.609607413
40295,Friends of DFL Women,30258,RKM&C Fund,$500.00 ,1.053185887,0.609607413
40295,Friends of DFL Women,30274,Beer PAC-Minn Beer Wholesalers Assoc,$500.00 ,1.053185887,0.609607413
40295,Friends of DFL Women,30561,North Central States Carpenters PAC,$500.00 ,1.053185887,0.609607413
40295,Friends of DFL Women,40745,United Steelworkers District 11 Non-Federal Acct,$500.00 ,1.053185887,0.609607413
40295,Friends of DFL Women,40786,Messerli & Kramer Political Action Comm,$500.00 ,1.053185887,0.609607413
40295,Friends of DFL Women,40889,Leech Lake PAC,$500.00 ,1.053185887,0.609607413
40295,Friends of DFL Women,70006,Minn Realtors Political Action Committee,$500.00 ,1.053185887,0.609607413
40295,Friends of DFL Women,30123,Minneapolis Retired Police Assoc Political Fund,$250.00 ,0.526592944,0.304803706
40295,Friends of DFL Women,30288,Minn Police & Peace Officers Assoc Leg Fund,$250.00 ,0.526592944,0.304803706
40295,Friends of DFL Women,30337,Health Partners Civic Affairs Council,$250.00 ,0.526592944,0.304803706
40295,Friends of DFL Women,30587,Goff Public PAC,$250.00 ,0.526592944,0.304803706
40295,Friends of DFL Women,30591,Minn Seasonal Recreational Property Owners PAC,$250.00 ,0.526592944,0.304803706
40295,Friends of DFL Women,40019,Food PAC of Minn,$250.00 ,0.526592944,0.304803706
40295,Friends of DFL Women,40123,Minn Service Station Assoc,$250.00 ,0.526592944,0.304803706
40295,Friends of DFL Women,40275,Public Emp Pension Serv Assn (PEPSA) Pol Fund,$250.00 ,0.526592944,0.304803706
40295,Friends of DFL Women,41028,Faithful Citizens Political Fund,$175.00 ,0.368615061,0.213362594
40295,Friends of DFL Women,40045,Committee of Thirteen Legislative Fund,$125.00 ,0.263296472,0.152401853
40295,Friends of DFL Women,40725,Gray Plant Mooty Mooty & Bennett Independent PAC,$100.00 ,0.210637177,0.121921483
40403,8th Congressional District COPE AFL-CIO,30011,Minneapolis Regional Labor Federation,$500.00 ,15.87301587,15.87301587
40403,8th Congressional District COPE AFL-CIO,30191,VOTE - 66,$500.00 ,15.87301587,15.87301587
40403,8th Congressional District COPE AFL-CIO,30588,Sheet Metal Workers PAC 10,$500.00 ,15.87301587,15.87301587
40403,8th Congressional District COPE AFL-CIO,40246,PAL 9 Natl Assoc of Letter Carriers,$450.00 ,14.28571429,14.28571429
40403,8th Congressional District COPE AFL-CIO,30239,Pipe Fitters Local 539,$350.00 ,11.11111111,11.11111111
40403,8th Congressional District COPE AFL-CIO,40094,IBEW Local #31 Volunteer COPE Fund,$300.00 ,9.523809524,9.523809524
40403,8th Congressional District COPE AFL-CIO,30092,Iron Workers Local 512,$200.00 ,6.349206349,6.349206349
40403,8th Congressional District COPE AFL-CIO,30577,Plumbers & Steamfitters Local 11 PAC Fund,$200.00 ,6.349206349,6.349206349
40403,8th Congressional District COPE AFL-CIO,30179,"Branch 28, NALC Political Action Fund",$150.00 ,4.761904762,4.761904762
40634,Stonewall DFL (The),30022,Local 59 Political Fund,"$1,000.00 ",100,5.102301138
40712,Laborers District Council of Minn & ND Pol Fund,41005,Edinans for Erhardt,"$1,978.12 ",100,0.103210052
40714,Minn Hospital PAC,30242,Leonard Street and Deinard PAC,"$7,750.00 ",48.97314376,3.646492716
40714,Minn Hospital PAC,30163,Faegre Baker Daniels State-Reg Pol Fund (fka Faegre & Benson LLP),"$4,500.00 ",28.43601896,2.117318351
40714,Minn Hospital PAC,30230,Lockridge Grindal Nauen PLLP State Pol Fnd,"$2,500.00 ",15.79778831,1.176287973
40714,Minn Hospital PAC,40996,Leaders Aligned for Health Care,"$1,075.00 ",6.793048973,0.505803828
40745,United Steelworkers District 11 Non-Federal Acct,40276,Paper Allied-Ind Chem & Energy Workers Intl Union,"$4,734.25 ",100,1.914806917
40782,Carpenters Local 1644 PAC,30561,North Central States Carpenters PAC,$250.00 ,100,1.874625075
40787,Citizens for Effective Government,30119,IBEW Local 292 Political Education Fund,"$5,000.00 ",97.89525208,97.89525208
40787,Citizens for Effective Government,40822,Choice Voter,$107.50 ,2.10474792,2.10474792
40790,St Paul Regional Labor Federation AFL-CIO (fka St Pl Trds & Lbr Asmbly PAC),40712,Laborers District Council of Minn & ND Pol Fund,"$17,000.00 ",38.870381,16.29226561
40790,St Paul Regional Labor Federation AFL-CIO (fka St Pl Trds & Lbr Asmbly PAC),30245,Minn Nurses Assn Pol Comm (MNA-PC),"$10,000.00 ",22.86493,9.583685654
40790,St Paul Regional Labor Federation AFL-CIO (fka St Pl Trds & Lbr Asmbly PAC),30560,So Dakota Cty Labor Council COPE Fund,"$3,650.14 ",8.346019559,3.498179435
40790,St Paul Regional Labor Federation AFL-CIO (fka St Pl Trds & Lbr Asmbly PAC),30255,St Croix Valley Central Labor Union,"$3,059.96 ",6.99657712,2.932569475
40790,St Paul Regional Labor Federation AFL-CIO (fka St Pl Trds & Lbr Asmbly PAC),30058,International Union of Operating Engineers,"$3,000.00 ",6.859479,2.875105696
40790,St Paul Regional Labor Federation AFL-CIO (fka St Pl Trds & Lbr Asmbly PAC),30092,Iron Workers Local 512,"$2,500.00 ",5.7162325,2.395921413
40790,St Paul Regional Labor Federation AFL-CIO (fka St Pl Trds & Lbr Asmbly PAC),30316,IBEW 110 PAC,"$2,000.00 ",4.572986,1.916737131
40790,St Paul Regional Labor Federation AFL-CIO (fka St Pl Trds & Lbr Asmbly PAC),30325,St Paul Pipefitters Local 455 PAC,"$1,000.00 ",2.286493,0.958368565
40790,St Paul Regional Labor Federation AFL-CIO (fka St Pl Trds & Lbr Asmbly PAC),30594,Boilermakers 647 Political Action Fund,"$1,000.00 ",2.286493,0.958368565
40790,St Paul Regional Labor Federation AFL-CIO (fka St Pl Trds & Lbr Asmbly PAC),30561,North Central States Carpenters PAC,$525.00 ,1.200408825,0.503143497
40835,21st Century Democrats,30258,RKM&C Fund,"$1,000.00 ",100,100
40837,Local Action Political Action Committee,40038,"CAR, Committee of Automotive Retailers","$29,855.29 ",100,100
40872,Rural Minn Preservation,40404,IBEW Minn State Council PAC,"$2,000.00 ",16.61129568,11.32182281
40872,Rural Minn Preservation,30558,Education Minn PAC,"$1,340.00 ",11.12956811,7.585621285
40872,Rural Minn Preservation,30058,International Union of Operating Engineers,"$1,000.00 ",8.305647841,5.660911407
40872,Rural Minn Preservation,30119,IBEW Local 292 Political Education Fund,"$1,000.00 ",8.305647841,5.660911407
40872,Rural Minn Preservation,30308,IFO Political Action Committee Fund (Inter Faculty Organization),"$1,000.00 ",8.305647841,5.660911407
40872,Rural Minn Preservation,40550,Shakopee Mdewakanton Sioux,"$1,000.00 ",8.305647841,5.660911407
40872,Rural Minn Preservation,30325,St Paul Pipefitters Local 455 PAC,$500.00 ,4.15282392,2.830455703
40872,Rural Minn Preservation,30571,Plumbers & Pipefitters Local #589 Pol Action Comm,$500.00 ,4.15282392,2.830455703
40872,Rural Minn Preservation,30591,Minn Seasonal Recreational Property Owners PAC,$500.00 ,4.15282392,2.830455703
40872,Rural Minn Preservation,40712,Laborers District Council of Minn & ND Pol Fund,$500.00 ,4.15282392,2.830455703
40872,Rural Minn Preservation,40825,GREAT (Great River Energy Action Team-State),$500.00 ,4.15282392,2.830455703
40872,Rural Minn Preservation,70016,MN Corn State PAC (fka MN Corn),$500.00 ,4.15282392,2.830455703
40872,Rural Minn Preservation,30617,Building Trades C1 PAC Fund,$450.00 ,3.737541528,2.547410133
40872,Rural Minn Preservation,30242,Leonard Street and Deinard PAC,$250.00 ,2.07641196,1.415227852
40872,Rural Minn Preservation,30013,Joint Council 32 DRIVE,$200.00 ,1.661129568,1.132182281
40872,Rural Minn Preservation,30163,Faegre Baker Daniels State-Reg Pol Fund (fka Faegre & Benson LLP),$200.00 ,1.661129568,1.132182281
40872,Rural Minn Preservation,30288,Minn Police & Peace Officers Assoc Leg Fund,$200.00 ,1.661129568,1.132182281
40872,Rural Minn Preservation,30599,Minn Pipe Trades Assn PAC Fund,$200.00 ,1.661129568,1.132182281
40872,Rural Minn Preservation,40894,Ottertail Power PAC,$200.00 ,1.661129568,1.132182281
40933,Putting Minnesota First,30593,AFSCME Minn PEOPLE Committee Council 5 PAC,"$25,500.00 ",19.60988781,13.85952421
40933,Putting Minnesota First,80012,Planned Parenthood of Minn Pol Action Fund,"$15,500.00 ",11.91973573,8.424416677
40933,Putting Minnesota First,30245,Minn Nurses Assn Pol Comm (MNA-PC),"$10,000.00 ",7.690152084,5.435107534
40933,Putting Minnesota First,30558,Education Minn PAC,"$8,000.00 ",6.152121667,4.348086027
40933,Putting Minnesota First,40790,St Paul Regional Labor Federation AFL-CIO (fka St Pl Trds & Lbr Asmbly PAC),"$7,000.00 ",5.383106458,3.804575274
40933,Putting Minnesota First,80018,Clean Water Action Voter Education Project,"$6,000.00 ",4.61409125,3.26106452
40933,Putting Minnesota First,30037,SEIU Minn State Council Political Fund,"$5,964.00 ",4.586406703,3.241498133
40933,Putting Minnesota First,30270,MAPE-PAC,"$5,250.00 ",4.037329844,2.853431455
40933,Putting Minnesota First,30011,Minneapolis Regional Labor Federation,"$5,000.00 ",3.845076042,2.717553767
40933,Putting Minnesota First,30204,AFSCME,"$5,000.00 ",3.845076042,2.717553767
40933,Putting Minnesota First,30628,"Planned Parenthood Minnesota, North Dakota, South Dakota Action Fund","$5,000.00 ",3.845076042,2.717553767
40933,Putting Minnesota First,40954,America Votes - Minnesota,"$5,000.00 ",3.845076042,2.717553767
40933,Putting Minnesota First,80026,Minn Assoc of Professional Employees Political Fund,"$5,000.00 ",3.845076042,2.717553767
40933,Putting Minnesota First,80020,Sierra Club Political Committee,"$4,500.00 ",3.460568438,2.44579839
40933,Putting Minnesota First,41005,Edinans for Erhardt,"$4,024.44 ",3.094855565,2.187326416
40933,Putting Minnesota First,30625,WIN Minnesota Political Action Fund,"$3,298.00 ",2.536212157,1.792498465
40933,Putting Minnesota First,40847,Emilys List - Minn,"$3,000.00 ",2.307045625,1.63053226
40933,Putting Minnesota First,30025,Minn AFL-CIO,"$2,700.00 ",2.076341063,1.467479034
40933,Putting Minnesota First,30552,NARAL Pro-Choice Minn Election Fund,"$2,200.00 ",1.691833458,1.195723657
40933,Putting Minnesota First,30225,TRIAL-PAC,"$1,100.00 ",0.845916729,0.597861829
40933,Putting Minnesota First,70033,OutFront Minnesota Action,"$1,000.00 ",0.769015208,0.543510753
40936,21st Senate District Republican Party,30587,Goff Public PAC,"$2,500.00 ",48.54368932,46.2962963
40936,21st Senate District Republican Party,30018,Minn Dental Political Action Committee,$500.00 ,9.708737864,9.259259259
40936,21st Senate District Republican Party,30124,Multi Housing Political Action Committee,$500.00 ,9.708737864,9.259259259
40936,21st Senate District Republican Party,30619,Federal Express Minn State Fund,$500.00 ,9.708737864,9.259259259
40936,21st Senate District Republican Party,40038,"CAR, Committee of Automotive Retailers",$500.00 ,9.708737864,9.259259259
40936,21st Senate District Republican Party,40238,Rural Electric Political Action Comm,$250.00 ,4.854368932,4.62962963
40936,21st Senate District Republican Party,40666,Minn Manufactured Home PAC,$200.00 ,3.883495146,3.703703704
40936,21st Senate District Republican Party,80005,VET-PAC of Minn,$200.00 ,3.883495146,3.703703704
40940,MOHPA PAC,30242,Leonard Street and Deinard PAC,"$2,000.00 ",100,0.585094712
40944,Alliance for a Better Minnesota,30058,International Union of Operating Engineers,"$5,000.00 ",50,33.29956757
40944,Alliance for a Better Minnesota,40404,IBEW Minn State Council PAC,"$5,000.00 ",50,33.29956757
40954,America Votes - Minnesota,30058,International Union of Operating Engineers,"$10,000.00 ",24.01552556,17.65545139
40954,America Votes - Minnesota,30561,North Central States Carpenters PAC,"$8,000.00 ",19.21242045,14.12436112
40954,America Votes - Minnesota,30060,Minn State Council of UNITE HERE Unions,"$7,500.00 ",18.01164417,13.24158855
40954,America Votes - Minnesota,30037,SEIU Minn State Council Political Fund,"$6,639.73 ",15.94566055,11.72274303
40954,America Votes - Minnesota,30119,IBEW Local 292 Political Education Fund,"$2,000.00 ",4.803105111,3.531090279
40954,America Votes - Minnesota,30245,Minn Nurses Assn Pol Comm (MNA-PC),"$2,000.00 ",4.803105111,3.531090279
40954,America Votes - Minnesota,30593,AFSCME Minn PEOPLE Committee Council 5 PAC,"$2,000.00 ",4.803105111,3.531090279
40954,America Votes - Minnesota,30270,MAPE-PAC,"$1,500.00 ",3.602328834,2.648317709
40954,America Votes - Minnesota,70026,Take Action PAC,"$1,000.00 ",2.401552556,1.765545139
40954,America Votes - Minnesota,30012,Minneapolis Bldg & Construct Trades Council,$500.00 ,1.200776278,0.88277257
40954,America Votes - Minnesota,40404,IBEW Minn State Council PAC,$500.00 ,1.200776278,0.88277257
40967,Senate District 30 Fund,40714,Minn Hospital PAC,$500.00 ,71.42857143,27.02702703
40967,Senate District 30 Fund,30584,Best & Flanagan Political Fund,$200.00 ,28.57142857,10.81081081
40979,Rochester Citizens Coalition,30018,Minn Dental Political Action Committee,"$3,000.00 ",49.25105561,20.47735444
40979,Rochester Citizens Coalition,40714,Minn Hospital PAC,"$2,250.00 ",36.93829171,15.35801583
40979,Rochester Citizens Coalition,40967,Senate District 30 Fund,$391.24 ,6.422994333,2.67052005
40979,Rochester Citizens Coalition,30345,Winthrop & Weinstine PA Political Fund,$250.00 ,4.104254635,1.706446203
40979,Rochester Citizens Coalition,30260,Management Concerned for Public Education,$200.00 ,3.283403708,1.365156962
40981,Progressive Majority Minnesota,30025,Minn AFL-CIO,"$5,000.00 ",47.84688995,8.410281805
40981,Progressive Majority Minnesota,30611,IUPAT Political Action Together Pol Committee,"$2,000.00 ",19.13875598,3.364112722
40981,Progressive Majority Minnesota,30060,Minn State Council of UNITE HERE Unions,"$1,200.00 ",11.48325359,2.018467633
40981,Progressive Majority Minnesota,30058,International Union of Operating Engineers,"$1,000.00 ",9.56937799,1.682056361
40981,Progressive Majority Minnesota,40712,Laborers District Council of Minn & ND Pol Fund,"$1,000.00 ",9.56937799,1.682056361
40981,Progressive Majority Minnesota,30591,Minn Seasonal Recreational Property Owners PAC,$250.00 ,2.392344498,0.42051409
40983,Maplewood Voters Coalition,30561,North Central States Carpenters PAC,$300.00 ,100,20.03205128
40989,Minnesota's Future,41051,Minnesota Future LLC,"$1,229,904.63 ",90.95800715,35.59359953
40989,Minnesota's Future,41049,State Fund for Economic Growth LLC,"$100,000.00 ",7.395533386,2.894012984
40989,Minnesota's Future,30635,Housing First,"$10,000.00 ",0.739553339,0.289401298
40989,Minnesota's Future,70001,Minn Chamber of Commerce Leadership Fd,"$7,200.00 ",0.532478404,0.208368935
40989,Minnesota's Future,41045,Committee to Stop Wasteful Spending,"$3,062.89 ",0.226517053,8.86E-02
40989,Minnesota's Future,40201,Minn AGPAC,"$2,000.00 ",0.147910668,5.79E-02
40990,Real Republican Majority-Minn,40066,GOP FC PAC,"$2,500.00 ",100,11.23595506
40994,Northeast ALC PAC,30593,AFSCME Minn PEOPLE Committee Council 5 PAC,"$10,800.00 ",44.60159624,11.56487294
40994,Northeast ALC PAC,30194,Iron Range Labor Assembly Legislative Fund,"$6,271.45 ",25.89969266,6.715603926
40994,Northeast ALC PAC,30086,Duluth Federation of Teachers Political Fund,"$3,156.82 ",13.03696399,3.380390944
40994,Northeast ALC PAC,70026,Take Action PAC,"$1,872.00 ",7.730943349,2.004577976
40994,Northeast ALC PAC,30273,Duluth Central Labor Body COPE Fund,"$1,314.11 ",5.426981818,1.407177331
40994,Northeast ALC PAC,30092,Iron Workers Local 512,$500.00 ,2.064888715,0.535410784
40994,Northeast ALC PAC,40790,St Paul Regional Labor Federation AFL-CIO (fka St Pl Trds & Lbr Asmbly PAC),$300.00 ,1.238933229,0.321246471
41005,Edinans for Erhardt,30058,International Union of Operating Engineers,"$10,000.00 ",22.47191011,20.2020202
41005,Edinans for Erhardt,40098,Road PAC of Minn,"$10,000.00 ",22.47191011,20.2020202
41005,Edinans for Erhardt,40712,Laborers District Council of Minn & ND Pol Fund,"$7,000.00 ",15.73033708,14.14141414
41005,Edinans for Erhardt,30593,AFSCME Minn PEOPLE Committee Council 5 PAC,"$6,000.00 ",13.48314607,12.12121212
41005,Edinans for Erhardt,30561,North Central States Carpenters PAC,"$5,000.00 ",11.23595506,10.1010101
41005,Edinans for Erhardt,30011,Minneapolis Regional Labor Federation,"$4,000.00 ",8.988764045,8.080808081
41005,Edinans for Erhardt,80012,Planned Parenthood of Minn Pol Action Fund,"$2,000.00 ",4.494382022,4.04040404
41005,Edinans for Erhardt,30270,MAPE-PAC,$500.00 ,1.123595506,1.01010101
41021,VOICES of Conservative Women State PAC (VOICESPAC),30116,Dorsey Political Fund,$500.00 ,28.57142857,0.480150944
41021,VOICES of Conservative Women State PAC (VOICESPAC),30163,Faegre Baker Daniels State-Reg Pol Fund (fka Faegre & Benson LLP),$500.00 ,28.57142857,0.480150944
41021,VOICES of Conservative Women State PAC (VOICESPAC),40069,Northwest Petroleum NPPAC,$300.00 ,17.14285714,0.288090566
41021,VOICES of Conservative Women State PAC (VOICESPAC),30124,Multi Housing Political Action Committee,$150.00 ,8.571428571,0.144045283
41021,VOICES of Conservative Women State PAC (VOICESPAC),40714,Minn Hospital PAC,$150.00 ,8.571428571,0.144045283
41021,VOICES of Conservative Women State PAC (VOICESPAC),70014,Insurance Federation Political Action Comm,$150.00 ,8.571428571,0.144045283
41035,MN FORWARD,41049,State Fund for Economic Growth LLC,"$100,000.00 ",99.00990099,5.429678268
41035,MN FORWARD,30557,NAIOP Economic Growth Fund,"$1,000.00 ",0.99009901,5.43E-02
41042,Hunting and Angling Club,41032,Resource Party,"$2,000.00 ",100,41.2371134
41045,Committee to Stop Wasteful Spending,41047,Pro Jobs Majority,"$10,000.00 ",100,30.76923077
41047,Pro Jobs Majority,41079,Choice in Minnesota Health Care,"$5,000.00 ",90.90909091,0.563814613
41047,Pro Jobs Majority,30345,Winthrop & Weinstine PA Political Fund,$500.00 ,9.090909091,5.64E-02
41051,Minnesota Future LLC,40989,Minnesota's Future,"$5,000.00 ",100,0.214684414
41072,Minn Young DFL,30119,IBEW Local 292 Political Education Fund,"$2,000.00 ",100,31.95853061
41080,New Americans,70026,Take Action PAC,"$2,000.00 ",100,37.38799957
41084,Minneapolis Democrats for Truth,30270,MAPE-PAC,"$2,104.24 ",71.1257132,71.1257132
41084,Minneapolis Democrats for Truth,30593,AFSCME Minn PEOPLE Committee Council 5 PAC,$854.24 ,28.8742868,28.8742868
41089,Women's Victory Fund (Women PAC),41021,VOICES of Conservative Women State PAC (VOICESPAC),"$3,000.00 ",100,22.64150943
41090,Minn Organization of Republican Veterans (MORVets),70014,Insurance Federation Political Action Comm,$250.00 ,100,33.33333333
41093,America Votes Action Fund - Minnesota,41092,Progressive Kick IE,"$33,347.00 ",100,52.35583188
70001,Minn Chamber of Commerce Leadership Fd,70007,Coalition of MN Businesses PAC,"$21,841.52 ",46.19689974,2.53982973
70001,Minn Chamber of Commerce Leadership Fd,70013,TwinWest Chamber of Commerce PAC,"$5,820.69 ",12.31131498,0.676855892
70001,Minn Chamber of Commerce Leadership Fd,30163,Faegre Baker Daniels State-Reg Pol Fund (fka Faegre & Benson LLP),"$5,500.00 ",11.63302502,0.639564623
70001,Minn Chamber of Commerce Leadership Fd,30242,Leonard Street and Deinard PAC,"$3,000.00 ",6.345286372,0.348853431
70001,Minn Chamber of Commerce Leadership Fd,40789,Minn Power PAC,"$2,700.00 ",5.710757735,0.313968088
70001,Minn Chamber of Commerce Leadership Fd,30116,Dorsey Political Fund,"$2,018.00 ",4.268262633,0.234662075
70001,Minn Chamber of Commerce Leadership Fd,70031,Dakota Cnty Regional Chamber Leadership Fund,"$1,948.06 ",4.120332857,0.226529138
70001,Minn Chamber of Commerce Leadership Fd,40896,Kandiyohi Co Business Leadership Fund,"$1,871.33 ",3.958041582,0.21760663
70001,Minn Chamber of Commerce Leadership Fd,40786,Messerli & Kramer Political Action Comm,"$1,250.00 ",2.643869322,0.145355596
70001,Minn Chamber of Commerce Leadership Fd,40417,Hammel Green & Abrahamson Inc PAC,$550.00 ,1.163302502,6.40E-02
70001,Minn Chamber of Commerce Leadership Fd,70025,Red Wing Area Business Leadership Council,$479.59 ,1.01437863,5.58E-02
70001,Minn Chamber of Commerce Leadership Fd,40833,Business PAC of Central MN,$300.00 ,0.634528637,3.49E-02
70004,Minn Business Partnership PAC,30163,Faegre Baker Daniels State-Reg Pol Fund (fka Faegre & Benson LLP),"$15,000.00 ",60,2.076857576
70004,Minn Business Partnership PAC,30116,Dorsey Political Fund,"$10,000.00 ",40,1.384571717
70005,Minn CPAs Public Affairs Committee,40491,D&T Better Government Committee,"$17,177.84 ",100,6.039891361
70007,Coalition of MN Businesses PAC,70001,Minn Chamber of Commerce Leadership Fd,"$350,000.00 ",38.73824018,38.67142657
70007,Coalition of MN Businesses PAC,70004,Minn Business Partnership PAC,"$325,000.00 ",35.97122302,35.90918181
70007,Coalition of MN Businesses PAC,30557,NAIOP Economic Growth Fund,"$42,000.00 ",4.648588821,4.640571188
70007,Coalition of MN Businesses PAC,70013,TwinWest Chamber of Commerce PAC,"$35,000.00 ",3.873824018,3.867142657
70007,Coalition of MN Businesses PAC,40751,Minn Bank State PAC,"$31,000.00 ",3.431101273,3.425183496
70007,Coalition of MN Businesses PAC,40756,Minn TruckPAC (fka Minn Trucking Assn State PAC),"$30,000.00 ",3.320420587,3.314693706
70007,Coalition of MN Businesses PAC,30195,MN Retailers IMPACT (fka Mn Retail Pol Advocacy Fd),"$26,000.00 ",2.877697842,2.872734545
70007,Coalition of MN Businesses PAC,30218,Hospitality Political Action Committee,"$23,500.00 ",2.600996126,2.596510069
70007,Coalition of MN Businesses PAC,30120,SOF-PAC,"$15,000.00 ",1.660210293,1.657346853
70007,Coalition of MN Businesses PAC,70010,MABC PAC,"$12,500.00 ",1.383508578,1.381122377
70007,Coalition of MN Businesses PAC,70014,Insurance Federation Political Action Comm,"$12,000.00 ",1.328168235,1.325877482
70007,Coalition of MN Businesses PAC,30556,St Paul Area Chamber of Commerce PAC,"$1,000.00 ",0.110680686,0.11048979
70007,Coalition of MN Businesses PAC,30242,Leonard Street and Deinard PAC,$250.00 ,2.77E-02,2.76E-02
70007,Coalition of MN Businesses PAC,41023,North Star SFAA-PAC,$250.00 ,2.77E-02,2.76E-02
70009,Minn ACORN Political Action Committee,30064,Local 28 Political Fund,"$7,500.00 ",100,100
70013,TwinWest Chamber of Commerce PAC,30348,Mah Mah Wi No Min Fund I,$600.00 ,54.54545455,0.775845348
70013,TwinWest Chamber of Commerce PAC,40786,Messerli & Kramer Political Action Comm,$500.00 ,45.45454545,0.64653779
70014,Insurance Federation Political Action Comm,41023,North Star SFAA-PAC,"$2,000.00 ",80,7.633514947
70014,Insurance Federation Political Action Comm,40991,FEAPAC - MINN,$500.00 ,20,1.908378737
70017,Minneapolis Downtown Council PAC,30116,Dorsey Political Fund,$300.00 ,100,2.469135802
70026,Take Action PAC,30558,Education Minn PAC,"$50,000.00 ",24.4683756,18.09919372
70026,Take Action PAC,30037,SEIU Minn State Council Political Fund,"$35,800.00 ",17.51935693,12.9590227
70026,Take Action PAC,30225,TRIAL-PAC,"$22,000.00 ",10.76608527,7.963645236
70026,Take Action PAC,40712,Laborers District Council of Minn & ND Pol Fund,"$15,600.00 ",7.634133188,5.64694844
70026,Take Action PAC,30064,Local 28 Political Fund,"$14,100.00 ",6.90008192,5.103972628
70026,Take Action PAC,30119,IBEW Local 292 Political Education Fund,"$10,000.00 ",4.893675121,3.619838743
70026,Take Action PAC,30348,Mah Mah Wi No Min Fund I,"$10,000.00 ",4.893675121,3.619838743
70026,Take Action PAC,40404,IBEW Minn State Council PAC,"$10,000.00 ",4.893675121,3.619838743
70026,Take Action PAC,30593,AFSCME Minn PEOPLE Committee Council 5 PAC,"$6,000.00 ",2.936205072,2.171903246
70026,Take Action PAC,30022,Local 59 Political Fund,"$5,125.00 ",2.508008499,1.855167356
70026,Take Action PAC,30245,Minn Nurses Assn Pol Comm (MNA-PC),"$4,500.00 ",2.202153804,1.628927435
70026,Take Action PAC,80021,CWA COPE PCC,"$4,100.00 ",2.006406799,1.484133885
70026,Take Action PAC,30011,Minneapolis Regional Labor Federation,"$3,000.00 ",1.468102536,1.085951623
70026,Take Action PAC,30058,International Union of Operating Engineers,"$2,625.00 ",1.284589719,0.95020767
70026,Take Action PAC,40909,Legacy Project for Political Empowerment,"$2,595.40 ",1.270104441,0.939492947
70026,Take Action PAC,80012,Planned Parenthood of Minn Pol Action Fund,"$2,400.00 ",1.174482029,0.868761298
70026,Take Action PAC,40790,St Paul Regional Labor Federation AFL-CIO (fka St Pl Trds & Lbr Asmbly PAC),"$2,000.00 ",0.978735024,0.723967749
70026,Take Action PAC,30154,St Paul Firefighters Local 21 Political Action Committee,"$1,500.00 ",0.734051268,0.542975812
70026,Take Action PAC,40745,United Steelworkers District 11 Non-Federal Acct,"$1,500.00 ",0.734051268,0.542975812
70026,Take Action PAC,30561,North Central States Carpenters PAC,"$1,000.00 ",0.489367512,0.361983874
70026,Take Action PAC,30025,Minn AFL-CIO,$500.00 ,0.244683756,0.180991937
70032,Sensible Gun Laws,40909,Legacy Project for Political Empowerment,$500.00 ,100,50
70033,OutFront Minnesota Action,70041,HRC Minnesota PAC,$500.00 ,100,0.809847749
70041,HRC Minnesota PAC,30037,SEIU Minn State Council Political Fund,"$5,000.00 ",95.23809524,14.24095699
70041,HRC Minnesota PAC,40756,Minn TruckPAC (fka Minn Trucking Assn State PAC),$250.00 ,4.761904762,0.71204785
70046,MIFSC PAC (MN Insurance & Financial Services Council),40991,FEAPAC - MINN,"$1,000.00 ",100,13.07189542
80010,MN Utility Investors Pol Action Fund,40789,Minn Power PAC,"$1,450.00 ",100,100
80023,Teamsters Local 120 DRIVE,40815,DRIVE- Democrat Republican Ind. Voter Edu.,"$328,797.07 ",100,100
80024,Alliance for a Better Minnesota Action Fund,30625,WIN Minnesota Political Action Fund,"$5,429,920.30 ",56.62427949,54.94237793
80024,Alliance for a Better Minnesota Action Fund,99999,2010/2012 Funds,"$3,826,506.94 ",39.90356883,38.71831976
80024,Alliance for a Better Minnesota Action Fund,40815,DRIVE- Democrat Republican Ind. Voter Edu.,"$150,000.00 ",1.564229575,1.517767524
80024,Alliance for a Better Minnesota Action Fund,40712,Laborers District Council of Minn & ND Pol Fund,"$50,000.00 ",0.521409858,0.505922508
80024,Alliance for a Better Minnesota Action Fund,80021,CWA COPE PCC,"$30,000.00 ",0.312845915,0.303553505
80024,Alliance for a Better Minnesota Action Fund,40954,America Votes - Minnesota,"$21,000.00 ",0.218992141,0.212487453
80024,Alliance for a Better Minnesota Action Fund,40404,IBEW Minn State Council PAC,"$20,000.00 ",0.208563943,0.202369003
80024,Alliance for a Better Minnesota Action Fund,80026,Minn Assoc of Professional Employees Political Fund,"$18,710.00 ",0.195111569,0.189316202
80024,Alliance for a Better Minnesota Action Fund,30025,Minn AFL-CIO,"$17,448.00 ",0.181951184,0.176546718
80024,Alliance for a Better Minnesota Action Fund,30593,AFSCME Minn PEOPLE Committee Council 5 PAC,"$16,300.00 ",0.169979614,0.164930738
80024,Alliance for a Better Minnesota Action Fund,30558,Education Minn PAC,"$5,000.00 ",5.21E-02,5.06E-02
80024,Alliance for a Better Minnesota Action Fund,30093,SEIU Healthcare Minn (fka SEIU Local 113),"$2,500.00 ",2.61E-02,2.53E-02
80024,Alliance for a Better Minnesota Action Fund,30037,SEIU Minn State Council Political Fund,"$2,000.00 ",2.09E-02,2.02E-02
80027,Project 515 PAC,70041,HRC Minnesota PAC,$522.55 ,100,1.786645377
99999,2010/2012 Funds,30558,Education Minn PAC,"$580,000.00 ",21.90522591,14.71189218
99999,2010/2012 Funds,30037,SEIU Minn State Council Political Fund,"$375,000.00 ",14.16286158,9.511999256
99999,2010/2012 Funds,30204,AFSCME,"$350,000.00 ",13.21867081,8.877865973
99999,2010/2012 Funds,30593,AFSCME Minn PEOPLE Committee Council 5 PAC,"$250,000.00 ",9.441907719,6.341332838
99999,2010/2012 Funds,40712,Laborers District Council of Minn & ND Pol Fund,"$215,000.00 ",8.120040638,5.45354624
99999,2010/2012 Funds,40404,IBEW Minn State Council PAC,"$145,000.00 ",5.476306477,3.677973046
99999,2010/2012 Funds,30625,WIN Minnesota Political Action Fund,"$129,770.00 ",4.901105459,3.291659049
99999,2010/2012 Funds,30025,Minn AFL-CIO,"$125,000.00 ",4.720953859,3.170666419
99999,2010/2012 Funds,30245,Minn Nurses Assn Pol Comm (MNA-PC),"$125,000.00 ",4.720953859,3.170666419
99999,2010/2012 Funds,80026,Minn Assoc of Professional Employees Political Fund,"$115,000.00 ",4.343277551,2.917013105
99999,2010/2012 Funds,30631,HRC Equality Votes Minnesota,"$110,000.00 ",4.154439396,2.790186449
99999,2010/2012 Funds,40815,DRIVE- Democrat Republican Ind. Voter Edu.,"$35,000.00 ",1.321867081,0.887786597
99999,2010/2012 Funds,30058,International Union of Operating Engineers,"$25,000.00 ",0.944190772,0.634133284
99999,2010/2012 Funds,40745,United Steelworkers District 11 Non-Federal Acct,"$25,000.00 ",0.944190772,0.634133284
99999,2010/2012 Funds,30119,IBEW Local 292 Political Education Fund,"$10,000.00 ",0.377676309,0.253653314
99999,2010/2012 Funds,30270,MAPE-PAC,"$10,000.00 ",0.377676309,0.253653314
99999,2010/2012 Funds,30154,St Paul Firefighters Local 21 Political Action Committee,"$7,000.00 ",0.264373416,0.177557319
99999,2010/2012 Funds,30016,Firefighters Assoc of Mpls Political Fund,"$7,000.00 ",0.264373416,0.177557319
99999,2010/2012 Funds,40254,Minneapolis Fire Department Pensioners PCF,"$3,000.00 ",0.113302893,7.61E-02
99999,2010/2012 Funds,30031,Minneapolis Firefighters Fraternal Assn (fka Relief Assn Pol Fund),"$3,000.00 ",0.113302893,7.61E-02
99999,2010/2012 Funds,30098,Minn Professional Fire Fighters PAC,"$3,000.00 ",0.113302893,7.61E-02
