ComID,Committee,ComShort,cat1,cat2,totspend,totspendout,IE,givingtot,topac,todem,torep,toballot,receivedtot,frompac,fromdem,fromrep,fromother
99999,2010/2012 Funds,2010/12 Funds,pac,ie,3942468.87,0.0,0.0,3942468.9,3942468.9,,,,3942388.9,2647770.0,,,1294618.9
40835,21st Century Democrats,21st Century Democrats,pac,prodfl,0,0.0,,,,,,,1000.0,1000.0,,,
40936,21st Senate District Republican Party,,pac,prorpm,5146.48,5146.5,,5146.5,,,5146.5,,5400.0,5150.0,,,250.0
40986,5th Judicial District Republican Committee,,pac,prorpm,252,252.0,,252.0,,,252.0,,,,,,
40403,8th Congressional District COPE AFL-CIO,,pac,labor,0,0.0,,,,,,,3150.0,3150.0,,,
41033,9th Judicial District Committee,,pac,,938.48,938.5,15.8,922.6,,,,,,,,,
41088,A Stronger Minnesota,A Stronger Minnesota,pac,ie,18827.55,18827.6,18827.6,,,,,,24950.0,,,7000.0,17950.0
70047,ACEC/MN Political Action Committee,,pac,,74918.11,74918.1,,74918.1,,36268.1,38650.0,,85354.2,,,,85354.2
30644,Action4Liberty,,pac,ie,0,0.0,,,,,,,24984.0,,,,24984.0
30088,AFL-CIO Southeast Central Labor Council,AFL-CIO SE Labor Council,pac,labor,10460.96,5901.2,4401.2,6059.8,4559.8,1500.0,,,6100.0,4300.0,,,1800.0
30204,AFSCME,AFSCME,pac,labor,2317688,739420.0,5340.0,2312348.0,1578268.0,734080.0,,,,,,,
30596,AFSCME Local 1842 City of St Paul Technicians,,pac,labor,2250,2250.0,,2250.0,,2250.0,,,5500.0,,,,5500.0
40752,AFSCME Local 2508 Political,,pac,labor,500,500.0,,500.0,,500.0,,,1000.0,,,,1000.0
30586,AFSCME Local 2822 Political Action,,pac,labor,2000,2000.0,,2000.0,,2000.0,,,2300.0,,,,2300.0
30343,AFSCME Local 2938,,pac,labor,400,400.0,,400.0,,400.0,,,700.0,,,,700.0
30572,AFSCME Local 306,,pac,labor,0,0.0,,,,,,,5000.0,,,,5000.0
40753,AFSCME Local 34 PEOPLE,,pac,labor,6800,6800.0,,6800.0,,6800.0,,,5420.0,,,,5420.0
30243,AFSCME Local 8 People Fund,,pac,labor,1900,1900.0,,1900.0,,1900.0,,,5750.0,,,,5750.0
30593,AFSCME Minn PEOPLE Committee Council 5 PAC,AFSCME Council 5,pac,labor,1514590.52,1011901.2,319730.7,1194859.8,502689.3,683720.5,3300.0,5150.0,2041199.9,1223268.0,6398.5,,811533.5
70024,Aging Services of Minn (fka MHHA PAC),Aging Services MN,pac,,46500,46500.0,,46500.0,,22900.0,23600.0,,42548.0,,,,42548.0
40086,Aitkin County DFL Club,Aitkin DFL Club,pac,prodfl,6360,6360.0,,6360.0,,6360.0,,,2450.0,1000.0,1000.0,,450.0
30306,Alarm PAC,,pac,,500,500.0,,500.0,,,500.0,,110.0,,,,110.0
40944,Alliance for a Better Minnesota,,pac,prodfl,0,0.0,,,,,,,15015.2,10000.0,,,5015.2
80024,Alliance for a Better Minnesota Action Fund,Alliance Better MN,pac,ie,7166803.82,7162563.8,7162563.8,4240.0,4240.0,,,,9882936.5,9589385.2,,,293551.2
30074,Amalgamated Transit Union Local 1005,,pac,labor,41933.12,39105.0,,41933.1,2828.1,38805.0,,,35350.0,,250.0,,35100.0
40954,America Votes - Minnesota,America Votes-MN,pac,prodfl,26000,0.0,,26000.0,26000.0,,,,56639.7,41639.7,,,15000.0
41093,America Votes Action Fund - Minnesota,America Votes,pac,ie,15875.62,15875.6,15875.6,,,,,,63693.0,33347.0,,,30346.0
30657,Americans for Tax Reform Political Fund,,pac,ie,30915,30915.0,30915.0,,,,,,30915.0,,,,30915.0
40281,ARC PAC of Minn,,pac,,750,750.0,,750.0,,750.0,,,1305.0,,,,1305.0
30559,ARM - Political Action Comm,,pac,,1250,250.0,,1250.0,1000.0,250.0,,,,,,,
40910,Austin Chamber Business Leadership Committee,,pac,,0,0.0,,,,,,,600.0,,,,600.0
40683,Automotive Service Political Action Committee,,pac,,1300,1300.0,,1300.0,,1000.0,300.0,,800.0,,,,800.0
30137,BAM-PAC,,pac,,36880,36880.0,,36880.0,,17980.0,18900.0,,34834.5,,,,34834.5
30567,BCA Agents Political Fund,,pac,,2500,0.0,,2500.0,2500.0,,,,,,,,
30274,Beer PAC-Minn Beer Wholesalers Assoc,Beer PAC,pac,,166080,165580.0,,166080.0,500.0,85450.0,80130.0,,177941.2,,,,177941.2
30170,Bemidji Central Labor Body AFL-CIO Pol Fund,,pac,labor,1800,1800.0,,1800.0,,1800.0,,,,,,,
30584,Best & Flanagan Political Fund,Best & Flanagan,pac,,51537.5,49587.5,,51537.5,1950.0,33037.5,15350.0,500.0,71715.8,,,,71715.8
30313,Best & Flanagan Political Fund,,pac,,2250,2250.0,,2250.0,,2250.0,,,,,,,
40555,Bike PAC,,pac,,1500,1500.0,,1500.0,,500.0,1000.0,,,,,,
30594,Boilermakers 647 Political Action Fund,Boilermakers 647,pac,labor,212587.5,201587.5,,212587.5,11000.0,200837.5,,750.0,53535.0,,,,53535.0
30563,Bois Forte Political Education Fund,Bois Forte,pac,indian,65100,63100.0,,65100.0,2000.0,56100.0,7000.0,,56800.0,,,,56800.0
30205,Bowling Political Action Committee,,pac,,3700,3700.0,,3700.0,,200.0,3500.0,,,,,,
30179,"Branch 28, NALC Political Action Fund",,pac,labor,7168.34,7018.3,,7168.3,150.0,7018.3,,,,,,,
40542,Brotherhood of Locomotive Engineers & Trainmen,,pac,labor,19850,19850.0,,19850.0,,19650.0,,,8005.0,,,,8005.0
30617,Building Trades C1 PAC Fund,Building Trades C1,pac,labor,29050,28600.0,,29050.0,450.0,26800.0,1800.0,,28350.0,2300.0,,,26050.0
40522,Building Trades C1-PAC Fund,,pac,labor,1900,1900.0,,1900.0,,1900.0,,,,,,,
70028,Burnsville Chamber PAC,,pac,biz,1672.5,1672.5,760.0,912.5,,,912.5,,7520.0,,,,7520.0
40833,Business PAC of Central MN,,pac,,300,0.0,,300.0,300.0,,,,,,,,
41056,Canary Party of Minnesota,Canary Party,pac,,0,0.0,,,,,,,105845.0,,,,105845.0
41052,Canterbury Park,,pac,ie,0,0.0,,,,,,,1527.4,,,,1527.4
40038,"CAR, Committee of Automotive Retailers",CAR,pac,biz,266105.29,235750.0,,266105.3,30355.3,126400.0,108350.0,,272906.0,,,,272906.0
30138,CARE / PAC,CARE/PAC,pac,biz,107525,107525.0,,107525.0,,53575.0,53950.0,,54570.7,,,,54570.7
30583,Carpenters Local #606 PAC,,pac,labor,13100,13100.0,,13100.0,,13100.0,,,,,,,
40782,Carpenters Local 1644 PAC,Carpenters Local 1644,pac,labor,21095.56,17950.0,,21095.6,3145.6,17700.0,,,13336.0,250.0,,,13086.0
30642,Carpenters Local 322,,pac,labor,11880,11880.0,,11880.0,,11880.0,,,19046.5,,130.0,250.0,18666.5
30614,Carpenters Local 464 Political Fund,,pac,labor,3095,3095.0,,3095.0,,3095.0,,,3664.0,,,,3664.0
30600,Carpenters Local 930 PAC,Carpenters Local 930,pac,labor,1900,1900.0,,1900.0,,1700.0,,,599.0,200.0,150.0,,249.0
30592,Carpenters Local Union 361 Pol Fund,Carpenters Local 361,pac,labor,11490,11490.0,,11490.0,,10990.0,,,8500.0,500.0,,,8000.0
30548,Carpenters Union Local #87 PAF,,pac,labor,6239.27,5400.0,,6239.3,839.3,5400.0,,,,,,,
40247,Central Minn AFL-CIO Trades & Labor Assembly,,pac,labor,9000,9000.0,,9000.0,,9000.0,,,13101.0,,,,13101.0
30581,CHG PAC,CHG PAC,pac,,21100,21100.0,,21100.0,,7600.0,13500.0,,20900.0,,,,20900.0
41079,Choice in Minnesota Health Care,,pac,ie,5000,0.0,,5000.0,5000.0,,,,35400.0,,,,35400.0
40822,Choice Voter,,pac,,107.5,0.0,,107.5,107.5,,,,,,,,
40787,Citizens for Effective Government,,pac,,5000,5000.0,,5000.0,,5000.0,,,5107.5,5107.5,,,
40976,Citizens for Honest Government,,pac,,500,500.0,,500.0,,,500.0,,,,,,
30646,Citizens for Smith,,pac,ie,0,0.0,,,,,,,9191.6,5500.0,,,3691.6
40895,Citizens for the Sensible Center,,pac,,0,0.0,,,,,,,750.0,,,,750.0
41094,Clean Energy PAC of Iberdrola Renewables LLC,,pac,,2500,2500.0,,2500.0,,1500.0,1000.0,,31010.0,,,,31010.0
30627,Clean Water Action Independent Fund,,pac,ie,4075.25,4075.3,4075.3,,,,,,3506.6,,,,3506.6
80018,Clean Water Action Voter Education Project,,pac,biz,29313.71,23313.7,23313.7,6000.0,6000.0,,,,20220.0,,,,20220.0
30647,CMVC Fund (Conservation MN Voter Center),,pac,ie,27177.69,27177.7,27177.7,,,,,,40500.0,500.0,,,40000.0
40898,Coalition for Democratic Values,,pac,,5500,5500.0,,5500.0,,5500.0,,,9128.5,,8878.5,,250.0
70007,Coalition of MN Businesses PAC,Coalition MN Businesses,pac,biz,888732.36,866890.8,866890.8,21841.5,21841.5,,,,905061.0,903500.0,,,1561.0
80013,COLL PAC,,pac,,7550,7550.0,,7550.0,,2850.0,4700.0,,11180.0,,,,11180.0
40045,Committee of Thirteen Legislative Fund,,pac,labor,105430,105305.0,,105430.0,125.0,103205.0,2100.0,,,,,,
41045,Committee to Stop Wasteful Spending,,pac,ie,31883.79,28820.9,28820.9,3062.9,3062.9,,,,32500.0,10000.0,,,22500.0
40274,Communication Workers of America Local 7200,,pac,labor,6750,6750.0,,6750.0,,6250.0,500.0,,4000.0,,,,4000.0
80008,Conservation Minnesota Voter Fund,Conservation MN,pac,,179496.9,179496.9,138850.8,40646.1,,30310.0,3950.0,6386.1,444217.0,,,,444217.0
40855,Constitution Party of Minn,,pac,,0,0.0,,,,,,,19579.8,,,,19150.4
40269,Co-op PAC (fka MAC-PAC),Co-po PAC,pac,,4950,4950.0,,4950.0,,2300.0,2650.0,,17393.0,,,,17393.0
30312,Council 65 Political Action Committee,,pac,labor,19430,19430.0,,19430.0,,19430.0,,,11742.6,,,,11742.6
41083,Count Them All Properly,,pac,,27000,27000.0,,27000.0,,,27000.0,,31010.0,,,,31010.0
30224,CUVOL,CUVOL,pac,,79670,78920.0,,79670.0,750.0,41420.0,37500.0,,26792.2,,,,26792.2
80021,CWA COPE PCC,CWA COPE,pac,labor,85100,39000.0,,85100.0,46100.0,39000.0,,,148980.5,,,,148980.5
30576,CWA Local 7250 Political Fund,,pac,labor,492.58,0.0,,492.6,492.6,,,,,,,,
30575,CWA Minnesota State Council,CWA,pac,labor,9600,9300.0,,9600.0,300.0,9300.0,,,11492.6,492.6,,,11000.0
30580,D B I - E - PAG,,pac,,875.3,0.0,,875.3,875.3,,,,,,,,
40491,D&T Better Government Committee,D&T Better Gov,pac,,17177.84,0.0,,17177.8,17177.8,,,,11175.0,,,,11175.0
70031,Dakota Cnty Regional Chamber Leadership Fund,,pac,,1948.06,0.0,,1948.1,1948.1,,,,1950.0,,,,1950.0
70039,Democrats for Life of Minnesota,,pac,prodfl,354.76,354.8,,354.8,,354.8,,,,,,,
30168,DFL Feminist Caucus - Candidates Fund,DFL Feminist Caucus,pac,prodfl,1632,1632.0,,1632.0,,1632.0,,,12102.9,425.0,,,11677.9
40993,DFL Senior Caucus,,pac,prodfl,0,0.0,,,,,,,105.0,,,,105.0
30640,Dominium Political Fund,,pac,,12550,2550.0,,12550.0,10000.0,2550.0,,,24320.0,,,,24320.0
30116,Dorsey Political Fund,Dorsey,pac,lawyers,218203.65,204385.7,,218203.7,13818.0,104825.0,85952.8,,233821.0,,,,233821.0
41096,Draft Hann for Governor,,pac,ie,0,0.0,,,,,,,600.0,,,,600.0
41018,Draft R T Rybak For Governor,,pac,,0,0.0,,,,,,,1585.9,,,,1585.9
40815,DRIVE- Democrat Republican Ind. Voter Edu.,DRIVE,pac,labor,1122688.6,162000.0,,1122688.6,960688.6,162000.0,,,261914.6,,,,261914.6
41059,Driving MN,Driving MN,pac,ie,0,0.0,,,,,,,30000.0,,,,30000.0
30217,Dul Bldg Trades Vol Party Fund,,pac,labor,5850,5850.0,,5850.0,,5850.0,,,9000.0,,,,9000.0
40915,Duluth Active & Retired Teachers Group,,pac,labor,10000,10000.0,,10000.0,,10000.0,,,240.0,,,,240.0
30273,Duluth Central Labor Body COPE Fund,,pac,labor,4100.11,2786.0,,4100.1,1314.1,2786.0,,,29748.6,19450.0,,,10298.6
30086,Duluth Federation of Teachers Political Fund,,pac,labor,8991.78,5105.0,,8991.8,3886.8,105.0,,5000.0,,,,,
30096,Duluth FirePAC,Duluth Fire,pac,labor,33677.5,33677.5,3397.5,30280.0,,30280.0,,,111447.0,900.0,,,110547.0
40171,Duluth Women's Republican Club,,pac,,399.66,399.7,,399.7,,,399.7,,,,,,
30626,East Central MN Area Labor Council COPE,,pac,labor,12788.6,12288.6,2388.6,10400.0,500.0,9400.0,,500.0,13342.3,,,,13342.3
41003,East Central Taxpayers,,pac,,4500,4500.0,4300.0,200.0,,,200.0,,3200.0,,,,3200.0
30609,East Metro ASC LLC PAC (fka Minn Ambulatory Surgery Center Assoc),,pac,,13000,13000.0,,13000.0,,4000.0,9000.0,,13993.7,,,,13993.7
41029,Ecology Democracy Party,,pac,,0,0.0,,,,,,,992.4,,,,992.4
70019,Ed Action,,pac,,250,250.0,,250.0,,,250.0,,,,,,
41074,Edina Democrats,,pac,prodfl,2557.76,2557.8,,2557.8,,2557.8,,,3557.8,,2557.8,,1000.0
41005,Edinans for Erhardt,Edinans for Erhardt,pac,,49961.94,39681.6,39681.6,10280.4,10280.4,,,,49500.0,44500.0,,,5000.0
30136,Education Minn - Osseo PAC,,pac,labor,2100,2100.0,,2100.0,,2100.0,,,,,,,
30558,Education Minn PAC,Education Minnesota,pac,labor,3934330.44,3004475.4,1065266.2,2869064.2,929855.0,1782699.0,42325.0,114185.2,4769608.8,15130.0,,,4754478.9
40523,Electricians Local 242 IBEW PAC,,pac,labor,1050,1050.0,,1050.0,,1050.0,,,,,,,
30103,Elementary Principals Action Committee,,pac,,28125,28125.0,,28125.0,,23875.0,4250.0,,,,,,
40847,Emilys List - Minn,Emilys List MN,pac,,175788.42,167288.4,,175788.4,8500.0,167288.4,,,95025.1,,,,95025.1
30613,Ewald Political Fund,,pac,,4200,4200.0,,4200.0,,2700.0,1500.0,,6150.0,500.0,,,5650.0
40985,Excelsior Energy Inc PAC,,pac,,5550,5550.0,,5550.0,,3750.0,1800.0,,6700.0,,,,6700.0
41037,Expose The Truth.com,,pac,,0,0.0,,,,,,,5499.0,,,499.0,5000.0
30163,Faegre Baker Daniels State-Reg Pol Fund (fka Faegre & Benson LLP),Faegre Baker Daniels,pac,lawyers,601637.5,573687.5,,601637.5,27950.0,311187.5,241500.0,,635907.9,,,,635907.9
41028,Faithful Citizens Political Fund,,pac,,175,0.0,,175.0,175.0,,,,,,,,
40991,FEAPAC - MINN,FEAPAC,pac,,63302.5,60302.5,,63302.5,3000.0,25550.0,33052.5,,76967.5,,,,76967.5
30619,Federal Express Minn State Fund,,pac,,16900,16400.0,,16900.0,500.0,300.0,16100.0,,2833.3,,,,2833.3
30016,Firefighters Assoc of Mpls Political Fund,Firefighters Mpls,pac,labor,17550,10550.0,,17550.0,7000.0,9550.0,1000.0,,73594.3,,,,73594.3
30315,Fond du Lac Committee of Political Ed,Fond du Lac,pac,indian,106600,106600.0,,106600.0,,62650.0,43950.0,,99550.0,,,,99550.0
40019,Food PAC of Minn,Food PAC,pac,,64275,64025.0,,64275.0,250.0,19250.0,44775.0,,77500.0,,,,77500.0
40742,Freedom Club State PAC,Freedom Club,pac,prorpm,2670407.37,2670407.4,1996367.4,674040.0,,,674040.0,,3196063.0,,,171463.0,3024600.0
40943,Friends for Responsible Government,,pac,,162.25,162.3,,162.3,,162.3,,,,,,,
40295,Friends of DFL Women,Friends of DFL Women,pac,prodfl,80550,80050.0,,80550.0,500.0,80050.0,,,82020.0,47475.0,1020.0,,33525.0
40935,Friends of Minn Nurse Anesthetists,,pac,,20450,20450.0,,20450.0,,11600.0,6850.0,,28418.0,,,,28418.0
30639,Friends of MN School Bus Operators Assn,,pac,,5400,5400.0,,5400.0,,2000.0,3400.0,,22997.0,,,,22997.0
40809,Friends of the Minn Zoo,,pac,,5250,5250.0,,5250.0,,2450.0,2800.0,,5950.0,,,,5950.0
40792,Fryberger Buchanan Smith & Frederick PAC,,pac,,1550,1550.0,,1550.0,,1250.0,300.0,,3600.0,,,,3600.0
40962,Gay and Lesbian Victory Fund,,pac,,500,500.0,,500.0,,500.0,,,2400.0,,,,2400.0
30587,Goff Public PAC,Goff Public,pac,,50550,47550.0,,50550.0,3000.0,21550.0,26000.0,,55031.7,,,500.0,54531.7
40066,GOP FC PAC,,pac,prorpm,2500,0.0,,2500.0,2500.0,,,,,,,,
40970,Grand Portage PAC,Grand Portage,pac,,42650,42650.0,,42650.0,,41400.0,1250.0,,59055.0,,,,59055.0
40903,Grand Rapids Area Chamber of Commerce PAC,,pac,,0,0.0,,,,,,,350.0,,,,350.0
40725,Gray Plant Mooty Mooty & Bennett Independent PAC,Gray Plant,pac,lawyers,11400,11300.0,,11400.0,100.0,6800.0,2250.0,,22817.8,,,,22817.8
40825,GREAT (Great River Energy Action Team-State),,pac,biz,60000,59500.0,,60000.0,500.0,37750.0,21750.0,,85645.5,,,,85645.5
30634,Greater Minnesota Votes,Greater MN Votes,pac,ie,45921.19,45921.2,45921.2,,,,,,48100.0,46000.0,,,2100.0
40417,Hammel Green & Abrahamson Inc PAC,,pac,,2125,1575.0,,2125.0,550.0,1325.0,250.0,,10030.0,,,,10030.0
30337,Health Partners Civic Affairs Council,,pac,,14025,13775.0,,14025.0,250.0,5650.0,8125.0,,13008.3,,,,13008.3
41020,Hennepin County Deputies PAC (fka Hennepin Cnty Law Enfcmt PAC),,pac,labor,5250,250.0,,5250.0,5000.0,250.0,,,17506.0,,,,17506.0
40840,Hennepin Cty Probation & Parole Officers Union,,pac,,400,400.0,,400.0,,400.0,,,700.0,,,,700.0
30218,Hospitality Political Action Committee,Hospitality PAC,pac,,82662,59162.0,,82662.0,23500.0,15012.0,44150.0,,206690.0,,,,206690.0
30635,Housing First,Housing First,pac,ie,72756.41,55256.4,55256.4,17500.0,17500.0,,,,86906.6,,,,86906.6
30631,HRC Equality Votes Minnesota,HRC Equality,pac,ie,130430.11,430.1,430.1,130000.0,130000.0,,,,131032.7,,,,131032.7
70041,HRC Minnesota PAC,HRC Minnesota,pac,issue,41034.42,40011.9,,41034.4,1022.6,40011.9,,,35110.0,5250.0,,,29860.0
41042,Hunting and Angling Club,Hungting & Angling Club,pac,,0,0.0,,,,,,,4850.0,2000.0,,,2850.0
30209,IAFF-Local #1935 PAC,,pac,labor,2300,2300.0,,2300.0,,2300.0,,,3142.5,,,,3142.5
30655,IATSE Local #13 PAC Fund,,pac,labor,350,350.0,,350.0,,350.0,,,3361.0,,,,3361.0
30331,IBEW - COPE,IBEW COPE,pac,labor,93500,93500.0,,93500.0,,88500.0,,5000.0,444584.9,158193.0,,,286391.9
30316,IBEW 110 PAC,IBEW 110 PAC,pac,labor,197183.72,113625.7,,197183.7,83558.0,111475.7,800.0,1350.0,,,,,
40094,IBEW Local #31 Volunteer COPE Fund,IBEW Local #31,pac,labor,60595,13980.0,,60595.0,46615.0,13980.0,,,28909.1,,,,28909.1
30119,IBEW Local 292 Political Education Fund,IBEW Local 292,pac,labor,477259.87,414159.9,1785.6,475474.3,63100.0,401874.3,500.0,10000.0,466208.4,,,,466208.4
30236,IBEW Local 343 Political Education Fund (fka Electr Loc 343 IBEW Ed Fd),IBEW Local 343,pac,labor,51710.88,7850.0,,51710.9,43860.9,7850.0,,,36850.0,,,,36850.0
40404,IBEW Minn State Council PAC,IBEW,pac,labor,543906.39,280501.0,4176.0,539730.4,263405.4,276325.0,,,542125.0,,,,542125.0
40056,IFAPAC Minn,IFAPAC,pac,,31750,31750.0,,31750.0,,9500.0,22250.0,,88489.9,,,,88489.9
30308,IFO Political Action Committee Fund (Inter Faculty Organization),Inter Faculty Org,pac,,153160.72,150460.7,1270.7,151890.0,2700.0,135740.0,13450.0,,163513.7,,,,163513.7
30629,Impact Minnesota Political Fund,Impact MN,pac,ie,192535.97,192536.0,192536.0,,,,,,190951.8,29500.0,,,161451.8
40248,Independent Community Bankers of Minn PAC,Ind Cmty Bankers,pac,biz,78855,78855.0,,78855.0,,22855.0,56000.0,,185640.4,,,,185640.4
41015,Independent Republican Party of Minn,,pac,,0,0.0,,,,,,,200.0,,,,200.0
70014,Insurance Federation Political Action Comm,Insurance Fed,pac,biz,24175,11775.0,,24175.0,12400.0,3850.0,7925.0,,26200.3,2500.0,,,23700.3
30058,International Union of Operating Engineers,Intl Union Op Engineers,pac,labor,615642.78,499125.3,6049.4,609593.3,116517.5,486725.9,5850.0,500.0,148780.5,7816.2,250.0,,140714.3
30350,Iron Range Bldg Trades-PAF,,pac,labor,1950,1950.0,,1950.0,,1950.0,,,500.0,,,,500.0
30194,Iron Range Labor Assembly Legislative Fund,,pac,labor,6971.45,700.0,,6971.5,6271.5,700.0,,,,,,,
30092,Iron Workers Local 512,Iron Workers Local 512,pac,labor,108014,98600.0,,108014.0,9414.0,98600.0,,,45000.0,,,,45000.0
80030,IUPAT District Council 82 PAC,,pac,labor,850,850.0,,850.0,,700.0,,150.0,,,,,
30611,IUPAT Political Action Together Pol Committee,IUPAT,pac,labor,146201,118950.0,,146201.0,27251.0,118950.0,,,1092679.8,,,,1092679.8
41046,Jacobson Buffalo PAC,,pac,,4050,4050.0,,4050.0,,1450.0,2600.0,,7710.0,,,,7710.0
30013,Joint Council 32 DRIVE,Joint Council 32 DRIVE,pac,labor,216610,156910.0,,216610.0,59700.0,155610.0,1100.0,,1458592.7,447031.5,,,1011561.2
41030,Justice in Minnesota,,pac,,0,0.0,,,,,,,660.3,,,,660.3
40896,Kandiyohi Co Business Leadership Fund,,pac,biz,2871.33,1000.0,,2871.3,1871.3,,1000.0,,,,,,
40712,Laborers District Council of Minn & ND Pol Fund,Laborers District Council,pac,labor,1825250,1382850.0,,1825250.0,442400.0,1330900.0,1250.0,50000.0,1916596.3,1978.1,,,1914618.2
30624,Larkin Hoffman Political Fund,Larkin Hoffman,pac,,19250,19250.0,,19250.0,,10250.0,9000.0,,23975.9,,,,23975.9
30228,Lawyers Public Affairs Commission (LawPAC),,pac,,4000,4000.0,,4000.0,,2000.0,2000.0,,3820.0,,,,3820.0
40996,Leaders Aligned for Health Care,,pac,,13750,12675.0,,13750.0,1075.0,8700.0,2975.0,,14400.0,,,,14400.0
41008,League of Young Voters PAC,,pac,,0,0.0,,,,,,,500.0,,,,500.0
40889,Leech Lake PAC,Leech Lake,pac,indian,45621.78,45121.8,,45621.8,500.0,41321.8,3800.0,,58400.0,,500.0,,57900.0
40909,Legacy Project for Political Empowerment,,pac,,3095.4,0.0,,3095.4,3095.4,,,,,,,,
30242,Leonard Street and Deinard PAC,Leonard Street & Deinard,pac,lawyers,134450,119750.0,,134450.0,14700.0,69625.0,49125.0,,161930.0,,,,161930.0
40105,Lindquist & Vennum Political Fund,Lindquist & Vennum,pac,lawyers,20820,19970.0,,20820.0,850.0,9620.0,8650.0,,41825.0,,,,41825.0
41010,LISA PAC Minn,,pac,,0,0.0,,,,,,,200.0,,,,200.0
40401,Local 1833 Political Fund IAMAW,,pac,labor,6154.2,6154.2,,6154.2,,6154.2,,,,,,,
30064,Local 28 Political Fund,Local 28,pac,labor,83500,60800.0,,83500.0,22700.0,60800.0,,,25829.0,,,,25829.0
30620,Local 548 PAC,,pac,labor,6950,6950.0,,6950.0,,6950.0,,,4557.0,,,,4557.0
30022,Local 59 Political Fund,Local 59,pac,labor,178630,161700.0,,178630.0,16930.0,159600.0,1600.0,500.0,213374.2,,,,213374.2
30652,Local 68 Political Action Fund,,pac,labor,5190,5190.0,,5190.0,,3450.0,1240.0,,,,,,
40820,Local 851 Political Action Committee,Local 851,pac,labor,22864.6,10500.0,,22864.6,12364.6,10500.0,,,11410.8,,,,11410.8
40837,Local Action Political Action Committee,,pac,labor,29591.26,29591.3,29591.3,,,,,,29855.3,29855.3,,,
30024,Local S-6 IAFF Political Fund,,pac,labor,550,550.0,,550.0,,550.0,,,,,,,
30230,Lockridge Grindal Nauen PLLP State Pol Fnd,Lockridge Grindal Nauen,pac,lawyers,502285.58,498285.6,,502285.6,4000.0,302640.9,167584.3,28060.3,553870.0,,,250.0,553620.0
40930,Log Cabin Republicans of Minnesota,,pac,prorpm,250,250.0,,250.0,,,,250.0,8665.3,,,350.0,8315.3
40882,Lommen Nelson Political Action Committee,,pac,,6750,6750.0,,6750.0,,,,,5372.3,,,,5372.3
30327,Lower Sioux Political Education Fund,,pac,indian,43374,43374.0,,43374.0,,36374.0,7000.0,,35070.0,,,,35070.0
70010,MABC PAC,MABC,pac,,47535.88,35035.9,10000.0,37535.9,12500.0,,25035.9,,45565.0,,,,45565.0
40978,MADC Political Fund (fka MN Assn of Deaf Citizens Inc),,pac,,800,800.0,,800.0,,,800.0,,200.0,,,,200.0
30293,MAFMIC Political Action Committee,,pac,,75310,75310.0,,75310.0,,15275.0,59835.0,,35120.0,,,,35120.0
30348,Mah Mah Wi No Min Fund I,Mah Mah Wi No Min,pac,indian,917062.28,906462.3,2602.3,914460.0,10600.0,818610.0,85250.0,,993750.0,,,,993750.0
40713,MAIDA (Minn Asian-Indian Democratic Assoc),,pac,,0,0.0,,,,,,,315.0,,,,315.0
80015,MAMBI PAC,,pac,,8500,8500.0,,8500.0,,3500.0,5000.0,,1916.6,,,,1916.6
30260,Management Concerned for Public Education,,pac,,6675,6225.0,,6675.0,450.0,3875.0,2350.0,,,,,,
30270,MAPE-PAC,MAPE1,pac,labor,415352.7,361585.0,3585.0,411767.7,53767.7,357750.0,250.0,,119398.0,1500.0,,,117898.0
40988,Maplewood Voters,,pac,,0,0.0,,,,,,,500.0,,,,500.0
40983,Maplewood Voters Coalition,Maplewood Voters Coalitio,pac,,0,0.0,,,,,,,1497.6,300.0,,,1197.6
30342,Maslon Edelman Borman & Brand Pol Action Comm,,pac,,2750,2750.0,,2750.0,,,,,,,,,
30190,MCCL State Pac,MCCL,pac,issue,65999.53,65999.5,60057.5,5942.1,,,5942.1,,45404.1,,,,45404.1
80011,MCEA Political Action Committee,,pac,,3150,3150.0,,3150.0,,2050.0,1100.0,,3102.0,,,,3102.0
40620,"McGrann,Shea,Franzen,Carnival,Straughn & Lamb",,pac,,150,150.0,,150.0,,,150.0,,,,,,
30612,Meagher & Geer PLLP Political Fund,Meagher & Geer,pac,,5800,5800.0,,5800.0,,600.0,,,9713.3,,,,9713.3
40977,Medical Transportation PAC,,pac,,750,750.0,,750.0,,500.0,250.0,,650.0,,,,650.0
40036,MEDPAC Minn Medical Political Action Comm,MEDPAC,pac,biz,102130,102130.0,4880.0,97250.0,,55750.0,41500.0,,262126.6,,,,262126.6
40786,Messerli & Kramer Political Action Comm,Messerli & Kramer,pac,lawyers,118560,115460.0,,118560.0,3100.0,71010.0,44450.0,,153700.0,,,,153700.0
40906,MetroNorth Chamber of Commerce PAC,,pac,,0,0.0,,,,,,,3140.0,,,,3140.0
41091,MGFA Political Committee,,pac,,0,0.0,,,,,,,200.0,,,,200.0
80019,MHHP - PAF,,pac,,200,200.0,,200.0,,200.0,,,,,,,
41077,Michele PAC Minnesota,Michele PAC,pac,,20500,20500.0,,20500.0,,,20500.0,,21000.0,,,,21000.0
41017,Midcontinent Communications MN PAC,,pac,,2100,2100.0,,2100.0,,1000.0,1100.0,,5450.0,,,,5450.0
40945,MIDLAC,,pac,,3100,3100.0,,3100.0,,2600.0,500.0,,1725.0,,,,1725.0
40950,Midwest Values PAC - MN,,pac,,19675,19675.0,,19675.0,,19675.0,,,,,,,
70046,MIFSC PAC (MN Insurance & Financial Services Council),MIFSC,pac,biz,7400,7400.0,,7400.0,,5450.0,1950.0,,7650.0,1000.0,,,6650.0
40953,Milk Producers PAC,,pac,,4600,4600.0,,4600.0,,2300.0,2300.0,,3440.0,,,,3440.0
30615,Millwrights Local 1348 PAC,,pac,labor,5750,5750.0,,5750.0,,5750.0,,,2000.0,,,,2000.0
40914,Mining Industry Leadership Fund,,pac,,9500,9500.0,,9500.0,,4500.0,5000.0,,,,,,
70009,Minn ACORN Political Action Committee,MN ACORN,pac,,0,0.0,,,,,,,7500.0,7500.0,,,
30025,Minn AFL-CIO,MN AFL-CIO,pac,labor,770729.54,562956.8,265081.8,505647.7,207772.7,277875.0,,20000.0,1319325.6,734603.7,300.0,,584421.8
40201,Minn AGPAC,,pac,,23899.7,21899.7,,23899.7,2000.0,9949.7,11950.0,,7875.0,,,,7875.0
41043,Minn Ambulatory Surgery Center Assn,,pac,,3000,3000.0,,3000.0,,,3000.0,,2397.7,,,,2397.7
40192,Minn Architects Political Action Comm,,pac,,2900,2900.0,,2900.0,,2100.0,800.0,,500.0,,,,500.0
80026,Minn Assoc of Professional Employees Political Fund,MAPE2,pac,labor,434944.88,216984.9,33984.9,400960.0,217960.0,143000.0,,40000.0,294066.5,,,,294066.5
40751,Minn Bank State PAC,MN Bank,pac,biz,136300,105300.0,,136300.0,31000.0,32350.0,72950.0,,110220.0,,,,110220.0
70004,Minn Business Partnership PAC,MN Bus Partnership,pac,biz,674392.61,349392.6,168192.6,506200.0,325000.0,2250.0,178950.0,,722245.0,25000.0,,10000.0,687245.0
30127,Minn Cable Comm Assoc - PAC,MN Cable Comm,pac,,52745,52745.0,,52745.0,,26995.0,25750.0,,52725.0,,,,52725.0
30553,Minn CAP-PAC,,pac,,4700,4450.0,,4700.0,250.0,2900.0,1550.0,,3925.4,,,,3925.4
70001,Minn Chamber of Commerce Leadership Fd,MN Chamber,pac,biz,580723.57,223523.6,110173.6,470550.0,357200.0,1450.0,111900.0,,859960.0,47279.2,,,812680.8
30111,Minn Chiropractic Political Action Comm,MN Chiropractic,pac,biz,62212.5,61712.5,,62212.5,500.0,40562.5,21150.0,,82219.0,,,,82219.0
70005,Minn CPAs Public Affairs Committee,MN CPAs,pac,biz,187150,187150.0,,187150.0,,91400.0,95750.0,,284406.4,17177.8,,,267228.6
30018,Minn Dental Political Action Committee,MN Dental,pac,,166400.5,162900.5,,166400.5,3500.0,78475.5,84425.0,,9198.0,,,,9198.0
40839,Minn Electrical Assn PAC,,pac,,1800,1800.0,,1800.0,,750.0,1050.0,,3145.0,,,,3145.0
70040,Minn Electrical Industry Pol Action Comm,,pac,,1250,1250.0,,1250.0,,500.0,750.0,,4750.0,,,,4750.0
70054,Minn Emergency Physicians Action Committee,,pac,,1150,1150.0,,1150.0,,950.0,200.0,,7050.0,,,,7050.0
80001,Minn Eye PAC,MN Eye,pac,biz,36920,36920.0,,36920.0,,20020.0,16650.0,,29131.3,,,150.0,28981.3
70038,Minn Farm Bureau PAC,,pac,,1500,1500.0,,1500.0,,,500.0,1000.0,2720.0,,,,2720.0
40561,Minn Farm Credit Services PAC,,pac,,6000,6000.0,,6000.0,,2250.0,3750.0,,3075.0,,,,3075.0
40543,Minn Farmers Union PAC,MN Farmers Union,pac,biz,31925,31925.0,,31925.0,,29400.0,2525.0,,17742.0,,,,17742.0
70043,Minn Funeral Services PAC,,pac,,5900,5900.0,,5900.0,,3700.0,2200.0,,1350.0,,,,1350.0
70053,Minn Green Industry Political Action Committee,,pac,,4000,4000.0,,4000.0,,2000.0,2000.0,,9604.7,,,,9604.7
40714,Minn Hospital PAC,MN Hospital,pac,biz,225832.58,221932.6,12932.6,212900.0,3900.0,121900.0,87100.0,,212533.0,15825.0,,,196708.0
30277,Minn Independent Insurance Agents PAC,,pac,,7250,7250.0,,7250.0,,3000.0,4250.0,,,,,,
40666,Minn Manufactured Home PAC,MN Manufactured Home,pac,,57120,56920.0,,57120.0,200.0,28720.0,28200.0,,59027.0,,,,59027.0
40824,Minn New Democrat Political Action Comm,,pac,,1030.1,1030.1,,1030.1,,1030.1,,,,,,,
70021,Minn NOW PAC,,pac,,416,416.0,,416.0,,416.0,,,250.0,,,,250.0
30245,Minn Nurses Assn Pol Comm (MNA-PC),MN Nurses,pac,labor,862543.98,626939.4,287722.6,574821.4,235604.6,277516.8,1700.0,60000.0,743710.7,,,,743710.7
41019,Minn Open Progressives Political Committee,,pac,,0,0.0,,,,,,,105.0,,,,105.0
30089,Minn Operators of Music and Amusement PF,,pac,,295.04,295.0,,295.0,,295.0,,,,,,,
41090,Minn Organization of Republican Veterans (MORVets),MN Org of Repub Veterans,pac,prorpm,0,0.0,,,,,,,750.0,250.0,,,500.0
80003,Minn PACE,,pac,,5710,5710.0,,5710.0,,5460.0,,250.0,8216.6,,,,8216.6
40562,Minn Physical Therapy PAC,MN Physical Therapy,pac,,43300,43300.0,,43300.0,,29800.0,13500.0,,21776.1,,,,21776.1
30599,Minn Pipe Trades Assn PAC Fund,MN Pipe Trades,pac,labor,76708.66,72007.3,,76708.7,4701.4,60757.3,11250.0,,69877.6,14568.4,,,55309.1
30135,Minn Podiatry PAC,,pac,,1250,1250.0,,1250.0,,350.0,900.0,,,,,,
30288,Minn Police & Peace Officers Assoc Leg Fund,MN Police Officers,pac,labor,46535.25,46085.3,4685.3,41850.0,450.0,30550.0,10850.0,,107080.0,40000.0,,,67080.0
40789,Minn Power PAC,MN Power,pac,,58780,54630.0,,58780.0,4150.0,29255.0,25375.0,,80492.0,,,,80492.0
70044,Minn PRO PAC,,pac,,8300,8300.0,,8300.0,,4200.0,4100.0,,9930.0,,,,9930.0
30098,Minn Professional Fire Fighters PAC,MN Prof Fire Fighters,pac,labor,58176.67,51976.7,,58176.7,6200.0,41026.7,10950.0,,68533.2,,,,68533.2
70006,Minn Realtors Political Action Committee,MN Realtors,pac,biz,380495.43,379995.4,13945.4,366550.0,500.0,181050.0,185000.0,,325044.3,,,,325044.3
30591,Minn Seasonal Recreational Property Owners PAC,,pac,,37806.79,36806.8,1256.8,36550.0,1000.0,25950.0,9600.0,,250.0,,,,250.0
70030,Minn Service Cooperatives PAC,,pac,,1000,1000.0,,1000.0,,500.0,500.0,,350.0,,,,350.0
40123,Minn Service Station Assoc,,pac,,10700,10450.0,,10700.0,250.0,5900.0,4550.0,,9608.6,,300.0,,9308.6
41060,Minn Solutions,,pac,,0,0.0,,,,,,,2080.4,,,2080.4,
70022,Minn Soybean PAC,MN Soybean,pac,biz,53325,53325.0,,53325.0,,22150.0,31175.0,,24726.0,,,,24726.0
30060,Minn State Council of UNITE HERE Unions,UNITE HERE,pac,labor,256553.59,215850.0,,256553.6,40703.6,212850.0,,3000.0,188900.0,37500.0,,,151400.0
30115,Minn State MNPL,,pac,,31500,20500.0,,31500.0,11000.0,20000.0,,500.0,1400.0,,,,1400.0
30002,Minn State Patrol Troopers Assoc,,pac,,29900,29900.0,,29900.0,,21400.0,8500.0,,12000.0,,,,12000.0
40919,Minn Thoroughbred Assn PAC Fund,,pac,,1950,1950.0,,1950.0,,250.0,1700.0,,2750.0,,,,2750.0
40756,Minn TruckPAC (fka Minn Trucking Assn State PAC),MN Truck,pac,biz,151300.88,121050.9,24725.9,126575.0,30250.0,35900.0,60425.0,,174228.0,,,,174228.0
40494,Minn Wheat Political Action Committee,,pac,,8825,8825.0,,8825.0,,4100.0,4725.0,,1262.5,,,,1262.5
40041,Minn Women's Political Caucus/PAC,,pac,,0,0.0,,,,,,,700.1,,,,700.1
41072,Minn Young DFL,MN Young DFL,pac,prodfl,0,0.0,,,,,,,6258.1,2000.0,3499.1,,759.0
30012,Minneapolis Bldg & Construct Trades Council,Mpls Bldg & Const Trades,pac,labor,46548.8,45548.8,,46548.8,1000.0,44248.8,1300.0,,1500.0,1500.0,,,
41084,Minneapolis Democrats for Truth,Mpls Dems for Truth,pac,prodfl,2031.26,2031.3,2031.3,,,,,,2958.5,2958.5,,,
70017,Minneapolis Downtown Council PAC,Mpls Downtown Council,pac,biz,2100,2100.0,,2100.0,,2100.0,,,12150.0,300.0,,,11850.0
40254,Minneapolis Fire Department Pensioners PCF,,pac,labor,28950,25950.0,,28950.0,3000.0,19800.0,6150.0,,,,,,
30031,Minneapolis Firefighters Fraternal Assn (fka Relief Assn Pol Fund),Mpls Firefighters,pac,labor,221862.21,215862.2,3607.2,218255.0,6000.0,140705.0,71550.0,,21250.0,,,,21250.0
30007,Minneapolis Municipal Retirement Assoc,Mpls Mun Retirement,pac,,187000,185500.0,,187000.0,1500.0,121500.0,64000.0,,,,,,
80029,Minneapolis Police Fraternal Association,,pac,labor,12050,12050.0,,12050.0,,8600.0,3450.0,,31142.2,,,,31142.2
30128,Minneapolis Police Relief Assoc,Mpls Police Relief,pac,labor,68856.59,67356.6,3606.6,65250.0,1500.0,44450.0,19300.0,,47888.0,,,,47888.0
70045,Minneapolis Regional Chamber of Commerce PAC,,pac,,0,0.0,,,,,,,2100.0,,,,2100.0
30011,Minneapolis Regional Labor Federation,Mpls Reg Labor,pac,labor,343185.3,328685.3,32013.3,311172.0,14500.0,285622.0,800.0,10250.0,590589.4,126956.0,8572.0,,455061.4
30123,Minneapolis Retired Police Assoc Political Fund,Mpls Retired Police,pac,labor,53975,53725.0,,53975.0,250.0,36375.0,17350.0,,40000.0,,,,40000.0
30632,Minnesota - America Votes,MN-America Votes,pac,ie,109432.93,109432.9,109432.9,,,,,,186984.7,,,,186984.7
41051,Minnesota Future LLC,MN Future LLC,pac,ie,1346396.63,116492.0,116492.0,1229904.6,1229904.6,,,,2329000.0,5000.0,,,2324000.0
30650,Minnesota Momentum,,pac,ie,2232.26,2232.3,2232.3,,,,,,5721.8,,,,5721.8
41087,Minnesota PAC,,pac,,5925,5925.0,,5925.0,,,5925.0,,8662.0,,,150.0,8512.0
40995,Minnesotans for Limited Government,,pac,,5912,5912.0,2012.0,3900.0,,,3900.0,,125.0,,,,125.0
40875,Minnesotans for Lower Taxes,,pac,issue,2450,2450.0,,2450.0,,,2450.0,,,,,,
41034,Minnesotans for Personal Choice & Competition in Health Care,,pac,ie,0,0.0,,,,,,,14330.0,,,,14330.0
70051,Minnesotans for Racino PAC,Minnesotans for Racino,pac,,38625,38625.0,,38625.0,,4025.0,34600.0,,38450.0,,,,38450.0
40989,Minnesota's Future,Minnesota's Future,pac,ie,2575655.13,2570655.1,2570655.1,5000.0,5000.0,,,,3455409.5,1352167.5,,263242.0,1840000.0
80017,MMGMA PAC,,pac,,5200,5200.0,,5200.0,,2850.0,2350.0,,200.0,,,,200.0
70016,MN Corn State PAC (fka MN Corn),MN Corn,pac,biz,26720,26220.0,,26720.0,500.0,12020.0,14200.0,,20086.0,,,,20086.0
41035,MN FORWARD,MN FORWARD,pac,ie,1413096.34,1413096.3,1413096.3,,,,,,1841729.8,101000.0,,,1740729.8
70050,MN HomeCare PAC,,pac,,10600,10600.0,,10600.0,,7100.0,3500.0,,16978.8,,,,16978.8
30195,MN Retailers IMPACT (fka Mn Retail Pol Advocacy Fd),MN Retailers,pac,biz,41075,15075.0,,41075.0,26000.0,4550.0,10525.0,,30896.4,450.0,,,30446.4
30608,MN State Bldg & Construction Trades Cncl Pol Fund,MN State Bld & Constr,pac,labor,162194.44,153194.4,20538.5,141656.0,9000.0,130356.0,2300.0,,208242.9,22922.4,,,185320.4
80010,MN Utility Investors Pol Action Fund,,pac,,1950,1950.0,,1950.0,,350.0,1600.0,,1450.0,1450.0,,,
40940,MOHPA PAC,MOHPA,pac,biz,349069.76,348819.8,5669.8,343400.0,250.0,132700.0,210450.0,,341825.0,2000.0,,,339825.0
40907,Motorcycle PAC of Minn,,pac,,11200,11200.0,,11200.0,,5850.0,5350.0,,,,,,
41040,MPA Political Action Committee,,pac,,1700,1700.0,,1700.0,,1200.0,500.0,,2800.0,,,,2800.0
80022,MPS PAC,MPS,pac,,18650,18650.0,,18650.0,,9550.0,9100.0,,11750.0,,,,11750.0
80002,MSA-PAC,,pac,,20750,20750.0,,20750.0,,9000.0,11750.0,,13850.0,,,,13850.0
30324,MSCA-PAC,,pac,,3450,3450.0,,3450.0,,1050.0,2400.0,,400.0,,,,400.0
30108,MTA PAC (fka SITCO PAC),MTA,pac,biz,119975,119975.0,,119975.0,,54025.0,65950.0,,113130.0,,,,113130.0
80007,MUCA PAC (Minn Utility Contractors Assn),,pac,,500,500.0,,500.0,,500.0,,,1250.0,,,,1250.0
30124,Multi Housing Political Action Committee,Multi Housing,pac,biz,264850,263450.0,,264850.0,1400.0,130025.0,133425.0,,304276.3,10000.0,,,294276.3
80006,MWL Voter Outreach Political Fund,,pac,,1017.66,1017.7,1017.7,,,,,,728.6,,,,728.6
30557,NAIOP Economic Growth Fund,NAIOP Econ Growth,pac,biz,59750,16750.0,,59750.0,43000.0,2000.0,14750.0,,60553.0,1250.0,,,59303.0
30552,NARAL Pro-Choice Minn Election Fund,NARAL Pro-Choice,pac,issue,18178.59,15978.6,14828.6,3350.0,2200.0,1150.0,,,13521.0,8000.0,,,5521.0
30638,NARAL Pro-Choice Minnesota,NARAL Pro-Choice MN,pac,ie,7876.84,7876.8,7876.8,,,,,,4240.0,4240.0,,,
30656,National Assn of Realtors Fund,Natl Assn Realtors,pac,ie,95179.55,95179.6,95179.6,,,,,,95179.6,,,,95179.6
41080,New Americans,New Americans,pac,,0,0.0,,,,,,,5349.3,2000.0,1343.3,,2006.0
30659,Next Minnesota Inc,,pac,,6106.24,6106.2,6106.2,,,,,,3000.0,,,,3000.0
40741,NFIB/MN Save Americas Free Enterprise Trust,,pac,,26262.73,26262.7,3806.0,22456.8,,1750.0,20706.8,,27200.0,,,,27200.0
30561,North Central States Carpenters PAC,N Central St Carpenters,pac,labor,680014.93,654285.1,22638.6,657376.4,25729.9,545316.5,85830.0,500.0,19261.1,17811.1,,,
41081,North Star Project,,pac,,150,150.0,,150.0,,150.0,,,400.0,,,,400.0
41023,North Star SFAA-PAC,North Star SFAA,pac,,91905,89655.0,2605.0,89300.0,2250.0,22750.0,64300.0,,165562.5,,,,165562.5
40994,Northeast ALC PAC,Northeast ALC,pac,labor,13215.35,12485.5,513.0,12702.4,729.9,11972.5,,,93386.2,24214.4,,,69171.9
40069,Northwest Petroleum NPPAC,,pac,,52620,52320.0,,52620.0,300.0,23520.0,28800.0,,,,,,
70035,NRA Political Victory Fund,,pac,,59705.85,59705.9,58705.9,1000.0,,500.0,500.0,,,,,,
40894,Ottertail Power PAC,Ottertail Power,pac,biz,22925,22725.0,,22925.0,200.0,7875.0,14850.0,,30294.9,,,,30294.9
70033,OutFront Minnesota Action,OutFront MN,pac,issue,34354.12,24626.9,3726.9,30627.2,9727.2,20900.0,,,61740.0,500.0,3150.0,,58090.0
30633,OutFront MN Action Independent Expenditure Fund,Outfront MN IE,pac,ie,19551.13,19551.1,19551.1,,,,,,42595.2,28727.2,,,13868.0
40507,Painters Union Local No 61 Political Action,,pac,labor,1000,1000.0,0.0,1000.0,,1000.0,,,4396.0,,,,4396.0
40246,PAL 9 Natl Assoc of Letter Carriers,,pac,labor,30745,28175.0,,30745.0,2570.0,28175.0,,,4000.0,,,,4000.0
40276,Paper Allied-Ind Chem & Energy Workers Intl Union,,pac,,4734.25,0.0,,4734.3,4734.3,,,,,,,,
41036,Pass the Minnesota Health Plan,,pac,,2870,2870.0,,2870.0,,2870.0,,,1505.2,,488.4,,1016.9
41011,Patriot PAC,Patriot PAC,pac,,500,500.0,,500.0,,,500.0,,20663.4,,,300.0,20363.4
70049,PCI Minnesota Political Action Committee,,pac,,3800,3800.0,,3800.0,,1000.0,2800.0,,4000.0,,,,4000.0
30268,People in Construction Political Action Comm,,pac,,21900,21900.0,,21900.0,,11450.0,10450.0,,42400.0,,,,42400.0
40980,People United For Freedom,,pac,,0,0.0,,,,,,,1750.0,,,1506.3,243.8
40016,PharmPAC,PharmPAC,pac,,18300,18300.0,,18300.0,,9350.0,8950.0,,12300.0,,,,12300.0
30610,Pile Drivers PAC Fund,,pac,labor,3500,3500.0,,3500.0,,3500.0,,,,,,,
40821,Pine Bend PAC,Pine Bend,pac,,62220,62220.0,,62220.0,,26570.0,35650.0,,84275.0,,,,84275.0
30239,Pipe Fitters Local 539,,pac,labor,71888.07,68647.0,,71888.1,3241.1,67897.0,750.0,,40673.3,,,,40673.3
30628,"Planned Parenthood Minnesota, North Dakota, South Dakota Action Fund",Planned Parenthood,pac,ie,159797.43,154797.4,154797.4,5000.0,5000.0,,,,167925.4,,,,167925.4
80012,Planned Parenthood of Minn Pol Action Fund,Planned Parenthood 2,pac,,79988.7,60088.7,60088.7,19900.0,19900.0,,,,105890.0,,,,105890.0
30571,Plumbers & Pipefitters Local #589 Pol Action Comm,,pac,labor,18088.28,17200.0,,18088.3,888.3,17200.0,,,,,,,
30577,Plumbers & Steamfitters Local 11 PAC Fund,,pac,labor,27288.08,25555.0,,27288.1,1733.1,25555.0,,,14095.6,,,,14095.6
30033,Plumbers Local Union #15 COPE Account,,pac,labor,18517,16217.0,,18517.0,2300.0,16217.0,,,,,,,
30574,Police Officers Alliance of MN Pol Action Fund,,pac,labor,2750,2750.0,,2750.0,,2500.0,250.0,,,,,,
30085,Police Officers Fed of Mpls Contingency Fund,Police Fed of Mpls,pac,labor,70750,70750.0,,70750.0,,36000.0,32500.0,,117000.0,,,,117000.0
30555,Prairie Island Indian Community PAC,Prairie Island Indian,pac,indian,649179,648179.0,,649179.0,1000.0,464679.0,183500.0,,560000.0,,,,560000.0
30176,Principals Action League,,pac,,5250,5250.0,,5250.0,,4750.0,500.0,,,,,,
80014,Printing Industries Political Action Committee,,pac,,3650,3650.0,,3650.0,,1300.0,2350.0,,2550.0,,,,2550.0
40971,Private Citizens for Hutchinson,,pac,,0,0.0,,,,,,,7862.0,,,,7862.0
41047,Pro Jobs Majority,Pro Jobs Majority,pac,ie,784939.76,774939.8,774939.8,10000.0,10000.0,,,,886816.3,5500.0,,,881316.3
40927,Progressive Action Duluth,,pac,,450,450.0,,450.0,,450.0,,,4320.0,,,,4320.0
41092,Progressive Kick IE,Progressive Kick,pac,ie,46119.07,12772.1,12772.1,33347.0,33347.0,,,,93500.0,,,,93500.0
40981,Progressive Majority Minnesota,Progressive Maj,pac,prodfl,11689.66,11564.7,,11689.7,125.0,11564.7,,,59451.0,10450.0,401.0,,48600.0
40975,PROGRESSPPAC,,pac,,2500,2500.0,,2500.0,,500.0,,,3125.0,,2000.0,,1125.0
80027,Project 515 PAC,Project 515,pac,,27850,27850.0,,27850.0,,27350.0,500.0,,29247.6,522.6,400.0,,28325.0
40275,Public Emp Pension Serv Assn (PEPSA) Pol Fund,,pac,,70765,70515.0,,70765.0,250.0,39840.0,30675.0,,16403.1,,,,16403.1
30654,Public Safety Matters Campaign,Pub Safety Matters,pac,ie,277239.21,277239.2,277239.2,,,,,,307150.0,92500.0,,,214650.0
40933,Putting Minnesota First,Putting MN First,pac,ie,140850.48,140850.5,140850.5,,,,,,183989.0,130036.4,2952.6,,51000.0
40990,Real Republican Majority-Minn,Real Republican Majority,pac,prorpm,0,0.0,,,,,,,22250.0,2500.0,,,19750.0
70025,Red Wing Area Business Leadership Council,,pac,,479.59,0.0,,479.6,479.6,,,,,,,,
41012,Republican Liberty Caucus of Minn,,pac,,7525.65,7525.7,4925.7,2600.0,,,2600.0,,6310.0,,,4500.0,1810.0
41013,Republican Metropolitan Committee,,pac,,250,250.0,,250.0,,,250.0,,7340.0,,,,7340.0
41032,Resource Party,,pac,,4313,2313.0,,4313.0,2000.0,,,,26506.2,,,,26506.2
30151,Retired Peoples Political Action Fund,,pac,,46000,46000.0,,46000.0,,23000.0,23000.0,,14999.0,,,,14999.0
30568,Rice Michels & Walther LLP Political Fund,Rice Michels & Walther,pac,,16896.02,16696.0,,16896.0,200.0,12609.8,4086.2,,55351.6,,719.6,,54632.0
30258,RKM&C Fund,RKM&C Fund,pac,lawyers,216342.43,181842.4,,216342.4,34500.0,125175.0,6500.0,10917.4,221409.5,,2461.1,,218948.4
40098,Road PAC of Minn,Road PAC,pac,,50798.22,40798.2,23135.0,27663.3,10000.0,13338.3,4325.0,,70050.3,5375.3,,,64675.0
30032,Robbinsdale Federation of Teachers COPE Fund,,pac,labor,4000,4000.0,,4000.0,,4000.0,,,250.0,,,,250.0
40979,Rochester Citizens Coalition,Rochester Citizens Coalit,pac,,1875,1750.0,,1875.0,125.0,1750.0,,,14650.3,6091.2,,,2759.0
40238,Rural Electric Political Action Comm,,pac,,78571.4,78321.4,,78571.4,250.0,36150.0,42171.4,,,,,,
40872,Rural Minn Preservation,,pac,,25866.47,25866.5,24466.5,1400.0,,1400.0,,,17665.0,12040.0,1750.0,,3875.0
41041,RYPAC,,pac,,750,750.0,,750.0,,750.0,,,9000.0,,,,9000.0
41097,RYPAC,,pac,,0,0.0,,,,,,,2300.0,,2300.0,,
30192,Saint Paul Teachers Pension PAC,St Paul Teachers Pension,pac,labor,91950,90950.0,,91950.0,1000.0,54500.0,36450.0,,64310.0,,,,64310.0
30341,School Lunch Bunch,,pac,,5050,5050.0,,5050.0,,4250.0,800.0,,,,,,
40984,SD 19 DFL Food Booth,,pac,prodfl,3870.4,3870.4,,3870.4,,3870.4,,,150.0,,,,150.0
70042,Secretary of State Project - Minnesota,,pac,,0,0.0,,,,,,,2000.0,,,,2000.0
30579,SEH Employees Minn Committee,,pac,,0,0.0,,,,,,,400.0,,,,400.0
30093,SEIU Healthcare Minn (fka SEIU Local 113),SEIU Healthcare,pac,labor,394938.23,96961.4,15008.3,379929.9,297976.9,69293.0,,12660.1,302759.2,11795.3,350.0,,290613.9
30602,SEIU Local 26 Political Fund,SEIU Local,pac,labor,81852.47,15745.0,,81852.5,66107.5,15745.0,,,83994.1,65964.2,,,18029.9
30037,SEIU Minn State Council Political Fund,SEIU State Council,pac,labor,2242378.62,1614435.9,109067.7,2133310.9,627942.7,1504118.2,1250.0,,1652327.2,368079.2,12248.0,,1272000.0
40967,Senate District 30 Fund,,pac,,1130.38,739.1,,1130.4,391.2,739.1,,,1850.0,700.0,750.0,,400.0
70032,Sensible Gun Laws,Sensible Gun Laws,pac,,1180.54,1180.5,,1180.5,,1180.5,,,1000.0,500.0,500.0,,
30607,Service Employees Local 63,,pac,labor,500,500.0,,500.0,,500.0,,,,,,,
40550,Shakopee Mdewakanton Sioux,Shakopee Mdew. Sioux,pac,indian,1464957,1460957.0,,1464957.0,4000.0,1274207.0,171750.0,15000.0,1175000.0,,,,1175000.0
30588,Sheet Metal Workers PAC 10,Sheet Metal Workers,pac,labor,120689.56,119065.0,,120689.6,1624.6,118415.0,650.0,,57000.0,,,,57000.0
80020,Sierra Club Political Committee,Sierra Club,pac,,44924.72,40424.7,39339.7,5585.0,4500.0,725.0,,360.0,41329.0,,,,41329.0
41085,Small Business Minnesota Political Action Committee,,pac,,0,0.0,,,,,,,2900.0,,,,2900.0
70052,SMART PAC,SMART PAC,pac,,16500,16500.0,,16500.0,,9500.0,7000.0,,20400.0,,,,20400.0
30560,So Dakota Cty Labor Council COPE Fund,,pac,labor,4450.14,800.0,,4450.1,3650.1,800.0,,,7790.3,3650.1,,,4140.1
30120,SOF-PAC,SOF,pac,,34250,19250.0,,34250.0,15000.0,4050.0,15200.0,,44915.0,,,,44915.0
30637,Somali Action Alliance Political Fund,Somali Action Alliance,pac,ie,44374.96,44375.0,44375.0,,,,,,54575.0,10000.0,,,44575.0
30221,Southern Minn Beet Sugar Cooperative PAC,,pac,,3200,3200.0,,3200.0,,1000.0,2200.0,,,,,,
41038,Southern Minnesota Conservative Alliance,,pac,,948.17,948.2,948.2,,,,,,810.0,,,,810.0
41078,Spec Corp for Ethics and Justice in America,,pac,ie,0,0.0,,,,,,,820.0,,,,820.0
40958,Sportsmen for Change,,pac,issue,600,600.0,,600.0,,,,600.0,,,,,
30234,Sprinkler Fitters Local Union No 417,,pac,labor,18369,17950.0,,18369.0,419.0,17700.0,250.0,,,,,,
30255,St Croix Valley Central Labor Union,,pac,labor,3059.96,0.0,,3060.0,3060.0,,,,,,,,
30556,St Paul Area Chamber of Commerce PAC,St Paul Chamber,pac,biz,12616.67,1616.7,66.7,12550.0,11000.0,,1550.0,,98420.0,2600.0,,,95820.0
30154,St Paul Firefighters Local 21 Political Action Committee,St Paul Firefight Loc 21,pac,labor,32400,17000.0,,32400.0,15400.0,16000.0,1000.0,,32332.0,,,,32332.0
30325,St Paul Pipefitters Local 455 PAC,St Paul Pipefitters,pac,labor,114717,107340.0,,114717.0,7377.0,106840.0,500.0,,47695.3,,,,47695.3
30603,St Paul Police Federation Political Awareness Fund,St Paul Police Fed,pac,labor,5500,5500.0,,5500.0,,5500.0,,,65945.0,11200.0,,,54745.0
40790,St Paul Regional Labor Federation AFL-CIO (fka St Pl Trds & Lbr Asmbly PAC),St Paul Reg Labor Fed,pac,labor,49729.01,36778.9,1528.9,48200.1,12950.1,35250.0,,,104344.0,43735.1,,,60608.9
41049,State Fund for Economic Growth LLC,State Fund Econ Growth,pac,ie,200000,0.0,,200000.0,200000.0,,,,250050.0,,,,250050.0
40634,Stonewall DFL (The),Stonewall DFL,pac,prodfl,9276.08,8956.1,,9276.1,320.0,8956.1,,,19599.0,1000.0,3355.0,,15244.0
41055,Stop Zebra Mussel Association,,pac,,0,0.0,,,,,,,20200.0,,,,20200.0
30550,Suburban School Emp Local 284 Pol Act Fund,Suburban Sch Local 284,pac,labor,106936.91,15960.5,,106936.9,90976.4,10548.0,,5412.5,35049.4,12049.4,,,23000.0
70026,Take Action PAC,Take Action,pac,prodfl,116374.88,109302.9,92946.5,23428.4,7072.0,8919.4,,7437.0,276255.4,204345.4,10060.0,,61850.0
30636,TakeAction Political Fund,TakeAction,pac,ie,389811.98,389812.0,38439.3,351372.7,,,,351372.7,836663.2,9500.0,,,826513.2
40794,Taxpayers League MN Victory Fund,,pac,prorpm,2550,2550.0,,2550.0,,,2550.0,,5745.0,,,5445.0,300.0
30622,TCO Political Action Committee,,pac,,25000,25000.0,,25000.0,,8000.0,17000.0,,18200.0,,,,18200.0
80023,Teamsters Local 120 DRIVE,Teamsters Local 120,pac,labor,192146,185396.0,,192146.0,6750.0,178596.0,4300.0,,328797.1,328797.1,,,
30641,TEMPO Political Fund,,pac,,1350,1350.0,,1350.0,,,,1350.0,,,,,
40987,Tenth Judicial District Evaluation Committee,,pac,,960.8,960.8,460.8,500.0,,,,,350.0,,,,350.0
30225,TRIAL-PAC,TRIAL PAC,pac,lawyers,390513.17,358913.2,1251.3,389261.9,31600.0,307036.9,49375.0,750.0,410213.6,38000.0,2400.0,,369813.6
40963,TRUTH PAC,,pac,,0,0.0,,,,,,,400.0,,,,400.0
41048,Twin Cities Jewish Community PAC,,pac,,0,0.0,,,,,,,200.0,,,,200.0
40810,Twin Cities Republican Assn,,pac,prorpm,10200,10200.0,,10200.0,,,9450.0,,375.0,,,,375.0
70013,TwinWest Chamber of Commerce PAC,TwinWest Chamber,pac,biz,64638.29,23817.6,9817.6,54820.7,40820.7,1250.0,12750.0,,77335.0,1100.0,,,76235.0
30083,U A Plumbers Local #34 Political Fund,UA Plumbers Loc 34,pac,labor,27500,25900.0,,27500.0,1600.0,25600.0,300.0,,22053.5,,,300.0,21753.5
40245,U of M Faculty Candidate Support Committee,,pac,,200,200.0,,200.0,,,200.0,,,,,,
30035,UAW Minn State CAP Council Political Fd,,pac,labor,4628.7,3800.0,,4628.7,828.7,3800.0,,,5500.9,,,,5500.9
41001,UFCW Active Ballot Club,,pac,labor,107350,107350.0,,107350.0,,107350.0,,,,,,,
30649,Unidos Votamos - United We Vote,,pac,,4000,4000.0,,4000.0,,4000.0,,,19684.4,2200.0,7500.0,,9984.4
30606,UNITE HERE TIP State and Local Fund-MN,UNITE HERE,pac,labor,52500,15000.0,,52500.0,37500.0,15000.0,,,7994955.5,,,,7994955.5
30174,United Food & Commerical Workers Council 6,,pac,labor,73706,73706.0,,73706.0,,73206.0,500.0,,24506.7,,,,24506.7
40745,United Steelworkers District 11 Non-Federal Acct,United Steelworkers,pac,labor,104000,77000.0,,104000.0,27000.0,77000.0,,,247244.3,4734.3,,,242510.0
40961,USW Local 264 PAC,,pac,labor,900,900.0,,900.0,,900.0,,,1390.5,,,,1390.5
30041,USW LU 1938 PAC,,pac,labor,600,600.0,,600.0,,600.0,,,,,,,
30019,UTU PAC-MN,UTU,pac,labor,92975,92275.0,,92975.0,700.0,91825.0,450.0,,54675.1,,,,54675.1
80005,VET-PAC of Minn,,pac,,34400,34200.0,,34400.0,200.0,20350.0,13850.0,,740.0,,,,740.0
41021,VOICES of Conservative Women State PAC (VOICESPAC),VOICES Conservative Women,pac,prorpm,59204.39,56204.4,45682.7,13521.7,3000.0,,10521.7,,104133.9,1750.0,,4300.0,98083.9
40761,Volunteer Fire Fighter Political Committee,,pac,,2250,2250.0,,2250.0,,2250.0,,,,,,,
30191,VOTE - 66,Vote-66,pac,labor,26800,18600.0,,26800.0,8200.0,18600.0,,,27500.0,500.0,,,27000.0
41050,Vote Racino Now Committee,Vote Racino Now,pac,ie,121761.36,121761.4,121761.4,,,,,,155565.2,,,,155565.2
40941,WAMP,,pac,,3325,3325.0,,3325.0,,3325.0,,,3500.0,,,,3500.0
40537,Waste Management PAC of Minn,,pac,biz,11250,11250.0,,11250.0,,5550.0,5700.0,,10400.0,,,,10400.0
41062,Whig Party of Minnesota,,pac,,0,0.0,,,,,,,2020.3,,,,2020.3
40916,White Earth PAC,White Earth,pac,,2950,2950.0,,2950.0,,450.0,2500.0,,11800.0,,,,11800.0
30625,WIN Minnesota Political Action Fund,WIN Minnesota,pac,ie,5697488.3,0.0,,5697488.3,5697488.3,,,,5737990.7,230461.9,,,5507528.8
40913,Windingstad Political Action,,pac,,4274.35,4274.4,,4274.4,,4274.4,,,,,,,
30345,Winthrop & Weinstine PA Political Fund,Winthrop & Weinstine,pac,,29210.63,26810.6,,29210.6,2400.0,12080.0,13550.0,750.0,41950.0,,,,41950.0
41089,Women's Victory Fund (Women PAC),Women's Victory Fund,pac,ie,9643.77,9643.8,9643.8,,,,,,13250.0,3000.0,,,10250.0
40268,womenwinning State PAC,womenwinning,pac,prodfl,59900,59900.0,4000.0,55900.0,,55900.0,,,535494.0,15675.0,13687.5,,506131.5
30623,Working America Minn Political Committee,Working America MN,pac,ie,272370.42,272370.4,272370.4,,,,,,487875.4,304207.2,,,183668.2
30618,Working Families Fund,Working Families,pac,,20893.51,13393.5,543.5,20350.0,7500.0,12650.0,,200.0,61541.9,8519.8,,,53022.1
40877,Xcel Energy Employees PAC (fka Power PAC),Xcel,pac,biz,100890,100890.0,,100890.0,,44240.0,56650.0,,112161.7,,,,112161.7
40974,Young Progressive Majority MN,,pac,,500,500.0,,500.0,,500.0,,,1643.7,,,,1643.7
41082,ZacPAC,,pac,,0,0.0,,,,,,,2000.0,,,,2000.0
