DonorID,DonorName,RecipID,RecipName,dontot,pctgiventopacs,pctgiventoall
30007,Minneapolis Municipal Retirement Assoc,40295,Friends of DFL Women,"$1,500.00 ",100,0.802139037
30011,Minneapolis Regional Labor Federation,40933,Putting Minnesota First,"$5,000.00 ",34.48275862,1.606828378
30011,Minneapolis Regional Labor Federation,41005,Edinans for Erhardt,"$4,000.00 ",27.5862069,1.285462702
30011,Minneapolis Regional Labor Federation,70026,Take Action PAC,"$3,000.00 ",20.68965517,0.964097027
30011,Minneapolis Regional Labor Federation,40295,Friends of DFL Women,"$1,000.00 ",6.896551724,0.321365676
30011,Minneapolis Regional Labor Federation,30625,WIN Minnesota Political Action Fund,"$1,000.00 ",6.896551724,0.321365676
30011,Minneapolis Regional Labor Federation,40403,8th Congressional District COPE AFL-CIO,$500.00 ,3.448275862,0.160682838
30012,Minneapolis Bldg & Construct Trades Council,40954,America Votes - Minnesota,$500.00 ,50,1.074141661
30012,Minneapolis Bldg & Construct Trades Council,30011,Minneapolis Regional Labor Federation,$500.00 ,50,1.074141661
30013,Joint Council 32 DRIVE,30625,WIN Minnesota Political Action Fund,"$50,000.00 ",83.7520938,23.08296016
30013,Joint Council 32 DRIVE,30025,Minn AFL-CIO,"$8,000.00 ",13.40033501,3.693273625
30013,Joint Council 32 DRIVE,40295,Friends of DFL Women,"$1,500.00 ",2.512562814,0.692488805
30013,Joint Council 32 DRIVE,40872,Rural Minn Preservation,$200.00 ,0.335008375,9.23E-02
30016,Firefighters Assoc of Mpls Political Fund,99999,2010/2012 Funds,"$7,000.00 ",100,39.88603989
30018,Minn Dental Political Action Committee,40979,Rochester Citizens Coalition,"$3,000.00 ",85.71428571,1.802879198
30018,Minn Dental Political Action Committee,40936,21st Senate District Republican Party,$500.00 ,14.28571429,0.300479866
30019,UTU PAC-MN,40295,Friends of DFL Women,$500.00 ,71.42857143,0.537778973
30019,UTU PAC-MN,30025,Minn AFL-CIO,$200.00 ,28.57142857,0.215111589
30022,Local 59 Political Fund,30011,Minneapolis Regional Labor Federation,"$10,000.00 ",59.06674542,5.598163802
30022,Local 59 Political Fund,70026,Take Action PAC,"$5,125.00 ",30.27170703,2.869058949
30022,Local 59 Political Fund,40634,Stonewall DFL (The),"$1,000.00 ",5.906674542,0.55981638
30022,Local 59 Political Fund,40295,Friends of DFL Women,$625.00 ,3.691671589,0.349885238
30022,Local 59 Political Fund,30618,Working Families Fund,$180.00 ,1.063201418,0.100766948
30025,Minn AFL-CIO,99999,2010/2012 Funds,"$125,000.00 ",60.16188649,24.72076707
30025,Minn AFL-CIO,30623,Working America Minn Political Committee,"$56,019.74 ",26.96202591,11.07880755
30025,Minn AFL-CIO,80024,Alliance for a Better Minnesota Action Fund,"$17,448.00 ",8.397636764,3.450623551
30025,Minn AFL-CIO,40981,Progressive Majority Minnesota,"$5,000.00 ",2.40647546,0.988830683
30025,Minn AFL-CIO,40933,Putting Minnesota First,"$2,700.00 ",1.299496748,0.533968569
30025,Minn AFL-CIO,30088,AFL-CIO Southeast Central Labor Council,$500.00 ,0.240647546,9.89E-02
30025,Minn AFL-CIO,40295,Friends of DFL Women,$500.00 ,0.240647546,9.89E-02
30025,Minn AFL-CIO,70026,Take Action PAC,$500.00 ,0.240647546,9.89E-02
30025,Minn AFL-CIO,30168,DFL Feminist Caucus - Candidates Fund,$105.00 ,5.05E-02,2.08E-02
30031,Minneapolis Firefighters Fraternal Assn (fka Relief Assn Pol Fund),99999,2010/2012 Funds,"$3,000.00 ",50,1.374538957
30031,Minneapolis Firefighters Fraternal Assn (fka Relief Assn Pol Fund),40295,Friends of DFL Women,"$3,000.00 ",50,1.374538957
30033,Plumbers Local Union #15 COPE Account,30599,Minn Pipe Trades Assn PAC Fund,"$2,300.00 ",100,12.42101852
30035,UAW Minn State CAP Council Political Fd,30608,MN State Bldg & Construction Trades Cncl Pol Fund,$828.70 ,100,17.90351503
30037,SEIU Minn State Council Political Fund,99999,2010/2012 Funds,"$375,000.00 ",59.71882276,17.57830985
30037,SEIU Minn State Council Political Fund,30025,Minn AFL-CIO,"$106,730.03 ",16.99677799,5.003022766
30037,SEIU Minn State Council Political Fund,30602,SEIU Local 26 Political Fund,"$63,964.23 ",10.18631604,2.998354811
30037,SEIU Minn State Council Political Fund,70026,Take Action PAC,"$35,800.00 ",5.701156946,1.678142647
30037,SEIU Minn State Council Political Fund,30550,Suburban School Emp Local 284 Pol Act Fund,"$12,049.39 ",1.918867695,0.564821096
30037,SEIU Minn State Council Political Fund,30093,SEIU Healthcare Minn (fka SEIU Local 113),"$11,795.34 ",1.878410184,0.552912377
30037,SEIU Minn State Council Political Fund,40954,America Votes - Minnesota,"$6,639.73 ",1.057378291,0.311240617
30037,SEIU Minn State Council Political Fund,40933,Putting Minnesota First,"$5,964.00 ",0.949768157,0.27956544
30037,SEIU Minn State Council Political Fund,70041,HRC Minnesota PAC,"$5,000.00 ",0.79625097,0.234377465
30037,SEIU Minn State Council Political Fund,80024,Alliance for a Better Minnesota Action Fund,"$2,000.00 ",0.318500388,9.38E-02
30037,SEIU Minn State Council Political Fund,30011,Minneapolis Regional Labor Federation,"$1,500.00 ",0.238875291,7.03E-02
30037,SEIU Minn State Council Political Fund,30646,Citizens for Smith,"$1,000.00 ",0.159250194,4.69E-02
30037,SEIU Minn State Council Political Fund,40295,Friends of DFL Women,$500.00 ,7.96E-02,2.34E-02
30058,International Union of Operating Engineers,99999,2010/2012 Funds,"$25,000.00 ",21.45601183,4.101094674
30058,International Union of Operating Engineers,30025,Minn AFL-CIO,"$25,000.00 ",21.45601183,4.101094674
30058,International Union of Operating Engineers,30623,Working America Minn Political Committee,"$12,200.00 ",10.47053377,2.001334201
30058,International Union of Operating Engineers,40954,America Votes - Minnesota,"$10,000.00 ",8.582404731,1.64043787
30058,International Union of Operating Engineers,41005,Edinans for Erhardt,"$10,000.00 ",8.582404731,1.64043787
30058,International Union of Operating Engineers,30625,WIN Minnesota Political Action Fund,"$10,000.00 ",8.582404731,1.64043787
30058,International Union of Operating Engineers,40944,Alliance for a Better Minnesota,"$5,000.00 ",4.291202366,0.820218935
30058,International Union of Operating Engineers,30011,Minneapolis Regional Labor Federation,"$4,000.00 ",3.432961893,0.656175148
30058,International Union of Operating Engineers,40790,St Paul Regional Labor Federation AFL-CIO (fka St Pl Trds & Lbr Asmbly PAC),"$3,000.00 ",2.574721419,0.492131361
30058,International Union of Operating Engineers,70026,Take Action PAC,"$2,625.00 ",2.252881242,0.430614941
30058,International Union of Operating Engineers,30608,MN State Bldg & Construction Trades Cncl Pol Fund,"$2,192.46 ",1.881657908,0.359659441
30058,International Union of Operating Engineers,30225,TRIAL-PAC,"$2,000.00 ",1.716480946,0.328087574
30058,International Union of Operating Engineers,40981,Progressive Majority Minnesota,"$1,000.00 ",0.858240473,0.164043787
30058,International Union of Operating Engineers,40098,Road PAC of Minn,"$1,000.00 ",0.858240473,0.164043787
30058,International Union of Operating Engineers,40872,Rural Minn Preservation,"$1,000.00 ",0.858240473,0.164043787
30058,International Union of Operating Engineers,30603,St Paul Police Federation Political Awareness Fund,"$1,000.00 ",0.858240473,0.164043787
30058,International Union of Operating Engineers,30646,Citizens for Smith,$500.00 ,0.429120237,8.20E-02
30058,International Union of Operating Engineers,30634,Greater Minnesota Votes,$500.00 ,0.429120237,8.20E-02
30058,International Union of Operating Engineers,30617,Building Trades C1 PAC Fund,$300.00 ,0.257472142,4.92E-02
30058,International Union of Operating Engineers,30012,Minneapolis Bldg & Construct Trades Council,$200.00 ,0.171648095,3.28E-02
30060,Minn State Council of UNITE HERE Unions,30625,WIN Minnesota Political Action Fund,"$25,000.00 ",61.41964382,9.744552785
30060,Minn State Council of UNITE HERE Unions,40954,America Votes - Minnesota,"$7,500.00 ",18.42589315,2.923365836
30060,Minn State Council of UNITE HERE Unions,30025,Minn AFL-CIO,"$4,000.00 ",9.827143011,1.559128446
30060,Minn State Council of UNITE HERE Unions,30608,MN State Bldg & Construction Trades Cncl Pol Fund,"$1,503.59 ",3.69399849,0.586072485
30060,Minn State Council of UNITE HERE Unions,40981,Progressive Majority Minnesota,"$1,200.00 ",2.948142903,0.467738534
30060,Minn State Council of UNITE HERE Unions,40295,Friends of DFL Women,"$1,000.00 ",2.456785753,0.389782111
30060,Minn State Council of UNITE HERE Unions,30011,Minneapolis Regional Labor Federation,$500.00 ,1.228392876,0.194891056
30064,Local 28 Political Fund,70026,Take Action PAC,"$14,100.00 ",62.11453744,16.88622754
30064,Local 28 Political Fund,70009,Minn ACORN Political Action Committee,"$7,500.00 ",33.03964758,8.982035928
30064,Local 28 Political Fund,30025,Minn AFL-CIO,$600.00 ,2.643171806,0.718562874
30064,Local 28 Political Fund,40295,Friends of DFL Women,$500.00 ,2.202643172,0.598802395
30074,Amalgamated Transit Union Local 1005,30608,MN State Bldg & Construction Trades Cncl Pol Fund,"$1,148.12 ",40.59658006,2.737978953
30074,Amalgamated Transit Union Local 1005,40295,Friends of DFL Women,"$1,000.00 ",35.35917854,2.384749811
30074,Amalgamated Transit Union Local 1005,30618,Working Families Fund,$680.00 ,24.0442414,1.621629872
30083,U A Plumbers Local #34 Political Fund,30599,Minn Pipe Trades Assn PAC Fund,"$1,600.00 ",100,5.818181818
30086,Duluth Federation of Teachers Political Fund,40994,Northeast ALC PAC,"$3,156.82 ",81.21941556,35.10784294
30086,Duluth Federation of Teachers Political Fund,30273,Duluth Central Labor Body COPE Fund,$600.00 ,15.43694266,6.672761122
30086,Duluth Federation of Teachers Political Fund,30558,Education Minn PAC,$129.96 ,3.343641781,1.445320059
30088,AFL-CIO Southeast Central Labor Council,30618,Working Families Fund,"$4,559.78 ",100,75.24662612
30092,Iron Workers Local 512,30025,Minn AFL-CIO,"$3,000.00 ",31.86743149,2.777417742
30092,Iron Workers Local 512,30608,MN State Bldg & Construction Trades Cncl Pol Fund,"$2,914.00 ",30.95389845,2.697798434
30092,Iron Workers Local 512,40790,St Paul Regional Labor Federation AFL-CIO (fka St Pl Trds & Lbr Asmbly PAC),"$2,500.00 ",26.5561929,2.314514785
30092,Iron Workers Local 512,40994,Northeast ALC PAC,$500.00 ,5.311238581,0.462902957
30092,Iron Workers Local 512,30623,Working America Minn Political Committee,$300.00 ,3.186743149,0.277741774
30092,Iron Workers Local 512,40403,8th Congressional District COPE AFL-CIO,$200.00 ,2.124495432,0.185161183
30093,SEIU Healthcare Minn (fka SEIU Local 113),30037,SEIU Minn State Council Political Fund,"$224,956.28 ",75.49454258,59.20993618
30093,SEIU Healthcare Minn (fka SEIU Local 113),30025,Minn AFL-CIO,"$65,520.60 ",21.98848354,17.24544136
30093,SEIU Healthcare Minn (fka SEIU Local 113),80024,Alliance for a Better Minnesota Action Fund,"$2,500.00 ",0.838991295,0.658016054
30093,SEIU Healthcare Minn (fka SEIU Local 113),30634,Greater Minnesota Votes,"$2,000.00 ",0.671193036,0.526412843
30093,SEIU Healthcare Minn (fka SEIU Local 113),30602,SEIU Local 26 Political Fund,"$2,000.00 ",0.671193036,0.526412843
30093,SEIU Healthcare Minn (fka SEIU Local 113),30618,Working Families Fund,"$1,000.00 ",0.335596518,0.263206422
30098,Minn Professional Fire Fighters PAC,30025,Minn AFL-CIO,"$3,200.00 ",51.61290323,5.500486707
30098,Minn Professional Fire Fighters PAC,99999,2010/2012 Funds,"$3,000.00 ",48.38709677,5.156706288
30111,Minn Chiropractic Political Action Comm,40295,Friends of DFL Women,$500.00 ,100,0.803697006
30115,Minn State MNPL,30025,Minn AFL-CIO,"$10,000.00 ",90.90909091,31.74603175
30115,Minn State MNPL,30623,Working America Minn Political Committee,"$1,000.00 ",9.090909091,3.174603175
30116,Dorsey Political Fund,70004,Minn Business Partnership PAC,"$10,000.00 ",72.36937328,4.582874864
30116,Dorsey Political Fund,70001,Minn Chamber of Commerce Leadership Fd,"$2,018.00 ",14.60413953,0.924824148
30116,Dorsey Political Fund,40295,Friends of DFL Women,"$1,000.00 ",7.236937328,0.458287486
30116,Dorsey Political Fund,41021,VOICES of Conservative Women State PAC (VOICESPAC),$500.00 ,3.618468664,0.229143743
30116,Dorsey Political Fund,70017,Minneapolis Downtown Council PAC,$300.00 ,2.171081198,0.137486246
30119,IBEW Local 292 Political Education Fund,30011,Minneapolis Regional Labor Federation,"$15,000.00 ",23.77179081,3.154744774
30119,IBEW Local 292 Political Education Fund,99999,2010/2012 Funds,"$10,000.00 ",15.84786054,2.103163183
30119,IBEW Local 292 Political Education Fund,70026,Take Action PAC,"$10,000.00 ",15.84786054,2.103163183
30119,IBEW Local 292 Political Education Fund,30625,WIN Minnesota Political Action Fund,"$10,000.00 ",15.84786054,2.103163183
30119,IBEW Local 292 Political Education Fund,40787,Citizens for Effective Government,"$5,000.00 ",7.923930269,1.051581591
30119,IBEW Local 292 Political Education Fund,30331,IBEW - COPE,"$5,000.00 ",7.923930269,1.051581591
30119,IBEW Local 292 Political Education Fund,40954,America Votes - Minnesota,"$2,000.00 ",3.169572108,0.420632637
30119,IBEW Local 292 Political Education Fund,41072,Minn Young DFL,"$2,000.00 ",3.169572108,0.420632637
30119,IBEW Local 292 Political Education Fund,40268,womenwinning State PAC,"$2,000.00 ",3.169572108,0.420632637
30119,IBEW Local 292 Political Education Fund,40872,Rural Minn Preservation,"$1,000.00 ",1.584786054,0.210316318
30119,IBEW Local 292 Political Education Fund,30088,AFL-CIO Southeast Central Labor Council,$500.00 ,0.792393027,0.105158159
30119,IBEW Local 292 Political Education Fund,30012,Minneapolis Bldg & Construct Trades Council,$300.00 ,0.475435816,6.31E-02
30119,IBEW Local 292 Political Education Fund,30618,Working Families Fund,$300.00 ,0.475435816,6.31E-02
30120,SOF-PAC,70007,Coalition of MN Businesses PAC,"$15,000.00 ",100,43.79562044
30123,Minneapolis Retired Police Assoc Political Fund,40295,Friends of DFL Women,$250.00 ,100,0.463177397
30124,Multi Housing Political Action Committee,40295,Friends of DFL Women,$750.00 ,53.57142857,0.283179158
30124,Multi Housing Political Action Committee,40936,21st Senate District Republican Party,$500.00 ,35.71428571,0.188786105
30124,Multi Housing Political Action Committee,41021,VOICES of Conservative Women State PAC (VOICESPAC),$150.00 ,10.71428571,0.056635832
30128,Minneapolis Police Relief Assoc,40295,Friends of DFL Women,"$1,500.00 ",100,2.298850575
30154,St Paul Firefighters Local 21 Political Action Committee,99999,2010/2012 Funds,"$7,000.00 ",45.45454545,21.60493827
30154,St Paul Firefighters Local 21 Political Action Committee,30625,WIN Minnesota Political Action Fund,"$6,000.00 ",38.96103896,18.51851852
30154,St Paul Firefighters Local 21 Political Action Committee,70026,Take Action PAC,"$1,500.00 ",9.74025974,4.62962963
30154,St Paul Firefighters Local 21 Political Action Committee,30096,Duluth FirePAC,$900.00 ,5.844155844,2.777777778
30163,Faegre Baker Daniels State-Reg Pol Fund (fka Faegre & Benson LLP),70004,Minn Business Partnership PAC,"$15,000.00 ",53.66726297,2.493195654
30163,Faegre Baker Daniels State-Reg Pol Fund (fka Faegre & Benson LLP),70001,Minn Chamber of Commerce Leadership Fd,"$5,500.00 ",19.67799642,0.91417174
30163,Faegre Baker Daniels State-Reg Pol Fund (fka Faegre & Benson LLP),40714,Minn Hospital PAC,"$4,500.00 ",16.10017889,0.747958696
30163,Faegre Baker Daniels State-Reg Pol Fund (fka Faegre & Benson LLP),30557,NAIOP Economic Growth Fund,"$1,250.00 ",4.472271914,0.207766304
30163,Faegre Baker Daniels State-Reg Pol Fund (fka Faegre & Benson LLP),40295,Friends of DFL Women,"$1,000.00 ",3.577817531,0.166213044
30163,Faegre Baker Daniels State-Reg Pol Fund (fka Faegre & Benson LLP),41021,VOICES of Conservative Women State PAC (VOICESPAC),$500.00 ,1.788908766,0.083106522
30163,Faegre Baker Daniels State-Reg Pol Fund (fka Faegre & Benson LLP),40872,Rural Minn Preservation,$200.00 ,0.715563506,3.32E-02
30179,"Branch 28, NALC Political Action Fund",40403,8th Congressional District COPE AFL-CIO,$150.00 ,100,2.092534673
30191,VOTE - 66,30273,Duluth Central Labor Body COPE Fund,"$7,700.00 ",93.90243902,28.73134328
30191,VOTE - 66,40403,8th Congressional District COPE AFL-CIO,$500.00 ,6.097560976,1.865671642
30192,Saint Paul Teachers Pension PAC,40295,Friends of DFL Women,"$1,000.00 ",100,1.08754758
30194,Iron Range Labor Assembly Legislative Fund,40994,Northeast ALC PAC,"$6,271.45 ",100,89.95904726
30195,MN Retailers IMPACT (fka Mn Retail Pol Advocacy Fd),70007,Coalition of MN Businesses PAC,"$26,000.00 ",100,63.29884358
30204,AFSCME,30593,AFSCME Minn PEOPLE Committee Council 5 PAC,"$1,223,268.00 ",77.50698867,52.90155288
30204,AFSCME,99999,2010/2012 Funds,"$350,000.00 ",22.17620835,15.13613003
30204,AFSCME,40933,Putting Minnesota First,"$5,000.00 ",0.316802976,0.216230429
30218,Hospitality Political Action Committee,70007,Coalition of MN Businesses PAC,"$23,500.00 ",100,28.42902422
30224,CUVOL,40295,Friends of DFL Women,$750.00 ,100,0.941383206
30225,TRIAL-PAC,70026,Take Action PAC,"$22,000.00 ",69.62025316,5.651722323
30225,TRIAL-PAC,30552,NARAL Pro-Choice Minn Election Fund,"$8,000.00 ",25.3164557,2.055171754
30225,TRIAL-PAC,40933,Putting Minnesota First,"$1,100.00 ",3.481012658,0.282586116
30225,TRIAL-PAC,40295,Friends of DFL Women,$500.00 ,1.582278481,0.128448235
30230,Lockridge Grindal Nauen PLLP State Pol Fnd,40714,Minn Hospital PAC,"$2,500.00 ",62.5,0.49772482
30230,Lockridge Grindal Nauen PLLP State Pol Fnd,40295,Friends of DFL Women,"$1,500.00 ",37.5,0.298634892
30234,Sprinkler Fitters Local Union No 417,30599,Minn Pipe Trades Assn PAC Fund,$419.00 ,100,2.281016931
30236,IBEW Local 343 Political Education Fund (fka Electr Loc 343 IBEW Ed Fd),30331,IBEW - COPE,"$32,520.00 ",74.14351924,62.88811948
30236,IBEW Local 343 Political Education Fund (fka Electr Loc 343 IBEW Ed Fd),30025,Minn AFL-CIO,"$9,440.88 ",21.52460233,18.25704765
30236,IBEW Local 343 Political Education Fund (fka Electr Loc 343 IBEW Ed Fd),30088,AFL-CIO Southeast Central Labor Council,"$1,300.00 ",2.963916821,2.513977716
30236,IBEW Local 343 Political Education Fund (fka Electr Loc 343 IBEW Ed Fd),30618,Working Families Fund,$600.00 ,1.36796161,1.160297407
30239,Pipe Fitters Local 539,30599,Minn Pipe Trades Assn PAC Fund,"$2,651.07 ",81.79613523,3.68777462
30239,Pipe Fitters Local 539,40403,8th Congressional District COPE AFL-CIO,$350.00 ,10.79890283,0.486867988
30239,Pipe Fitters Local 539,30618,Working Families Fund,$240.00 ,7.404961942,0.333852335
30242,Leonard Street and Deinard PAC,40714,Minn Hospital PAC,"$7,750.00 ",52.72108844,5.764224619
30242,Leonard Street and Deinard PAC,70001,Minn Chamber of Commerce Leadership Fd,"$3,000.00 ",20.40816327,2.231312756
30242,Leonard Street and Deinard PAC,40940,MOHPA PAC,"$2,000.00 ",13.60544218,1.487541837
30242,Leonard Street and Deinard PAC,40295,Friends of DFL Women,"$1,000.00 ",6.802721088,0.743770919
30242,Leonard Street and Deinard PAC,30556,St Paul Area Chamber of Commerce PAC,$450.00 ,3.06122449,0.334696913
30242,Leonard Street and Deinard PAC,70007,Coalition of MN Businesses PAC,$250.00 ,1.700680272,0.18594273
30242,Leonard Street and Deinard PAC,40872,Rural Minn Preservation,$250.00 ,1.700680272,0.18594273
30245,Minn Nurses Assn Pol Comm (MNA-PC),99999,2010/2012 Funds,"$125,000.00 ",53.05498453,21.74588565
30245,Minn Nurses Assn Pol Comm (MNA-PC),30025,Minn AFL-CIO,"$40,682.00 ",17.26706305,7.077328961
30245,Minn Nurses Assn Pol Comm (MNA-PC),30011,Minneapolis Regional Labor Federation,"$25,500.00 ",10.82321684,4.436160673
30245,Minn Nurses Assn Pol Comm (MNA-PC),30558,Education Minn PAC,"$15,000.00 ",6.366598144,2.609506278
30245,Minn Nurses Assn Pol Comm (MNA-PC),40933,Putting Minnesota First,"$10,000.00 ",4.244398762,1.739670852
30245,Minn Nurses Assn Pol Comm (MNA-PC),40790,St Paul Regional Labor Federation AFL-CIO (fka St Pl Trds & Lbr Asmbly PAC),"$10,000.00 ",4.244398762,1.739670852
30245,Minn Nurses Assn Pol Comm (MNA-PC),70026,Take Action PAC,"$4,500.00 ",1.909979443,0.782851883
30245,Minn Nurses Assn Pol Comm (MNA-PC),40954,America Votes - Minnesota,"$2,000.00 ",0.848879752,0.34793417
30245,Minn Nurses Assn Pol Comm (MNA-PC),30608,MN State Bldg & Construction Trades Cncl Pol Fund,"$1,422.63 ",0.603820901,0.247490794
30245,Minn Nurses Assn Pol Comm (MNA-PC),30646,Citizens for Smith,"$1,000.00 ",0.424439876,0.173967085
30245,Minn Nurses Assn Pol Comm (MNA-PC),40295,Friends of DFL Women,$500.00 ,0.212219938,8.70E-02
30255,St Croix Valley Central Labor Union,40790,St Paul Regional Labor Federation AFL-CIO (fka St Pl Trds & Lbr Asmbly PAC),"$3,059.96 ",100,100
30258,RKM&C Fund,30225,TRIAL-PAC,"$30,000.00 ",86.95652174,13.86690535
30258,RKM&C Fund,40268,womenwinning State PAC,"$3,000.00 ",8.695652174,1.386690535
30258,RKM&C Fund,40835,21st Century Democrats,"$1,000.00 ",2.898550725,0.462230178
30258,RKM&C Fund,40295,Friends of DFL Women,$500.00 ,1.449275362,0.231115089
30260,Management Concerned for Public Education,30613,Ewald Political Fund,$250.00 ,55.55555556,3.745318352
30260,Management Concerned for Public Education,40979,Rochester Citizens Coalition,$200.00 ,44.44444444,2.996254682
30270,MAPE-PAC,30025,Minn AFL-CIO,"$25,500.00 ",47.42620761,6.192811511
30270,MAPE-PAC,99999,2010/2012 Funds,"$10,000.00 ",18.59851279,2.428553534
30270,MAPE-PAC,40933,Putting Minnesota First,"$5,250.00 ",9.764219214,1.274990605
30270,MAPE-PAC,30654,Public Safety Matters Campaign,"$5,000.00 ",9.299256394,1.214276767
30270,MAPE-PAC,30608,MN State Bldg & Construction Trades Cncl Pol Fund,"$2,163.50 ",4.023788242,0.525417557
30270,MAPE-PAC,41084,Minneapolis Democrats for Truth,"$2,104.24 ",3.913573455,0.511025949
30270,MAPE-PAC,40954,America Votes - Minnesota,"$1,500.00 ",2.789776918,0.36428303
30270,MAPE-PAC,30634,Greater Minnesota Votes,"$1,000.00 ",1.859851279,0.242855353
30270,MAPE-PAC,40295,Friends of DFL Women,$750.00 ,1.394888459,0.182141515
30270,MAPE-PAC,41005,Edinans for Erhardt,$500.00 ,0.929925639,0.121427677
30273,Duluth Central Labor Body COPE Fund,40994,Northeast ALC PAC,"$1,314.11 ",100,32.05060352
30274,Beer PAC-Minn Beer Wholesalers Assoc,40295,Friends of DFL Women,$500.00 ,100,0.30105973
30288,Minn Police & Peace Officers Assoc Leg Fund,40295,Friends of DFL Women,$250.00 ,55.55555556,0.597371565
30288,Minn Police & Peace Officers Assoc Leg Fund,40872,Rural Minn Preservation,$200.00 ,44.44444444,0.477897252
30308,IFO Political Action Committee Fund (Inter Faculty Organization),40295,Friends of DFL Women,"$1,700.00 ",62.96296296,1.119231022
30308,IFO Political Action Committee Fund (Inter Faculty Organization),40872,Rural Minn Preservation,"$1,000.00 ",37.03703704,0.65837119
30316,IBEW 110 PAC,30331,IBEW - COPE,"$75,258.00 ",90.06677996,38.16643686
30316,IBEW 110 PAC,30625,WIN Minnesota Political Action Fund,"$5,000.00 ",5.983867493,2.535706295
30316,IBEW 110 PAC,40790,St Paul Regional Labor Federation AFL-CIO (fka St Pl Trds & Lbr Asmbly PAC),"$2,000.00 ",2.393546997,1.014282518
30316,IBEW 110 PAC,30617,Building Trades C1 PAC Fund,$750.00 ,0.897580124,0.380355944
30316,IBEW 110 PAC,30088,AFL-CIO Southeast Central Labor Council,$300.00 ,0.35903205,0.152142378
30316,IBEW 110 PAC,30634,Greater Minnesota Votes,$250.00 ,0.299193375,0.126785315
30325,St Paul Pipefitters Local 455 PAC,30599,Minn Pipe Trades Assn PAC Fund,"$5,677.00 ",76.95540192,4.948699844
30325,St Paul Pipefitters Local 455 PAC,40790,St Paul Regional Labor Federation AFL-CIO (fka St Pl Trds & Lbr Asmbly PAC),"$1,000.00 ",13.55564593,0.871710383
30325,St Paul Pipefitters Local 455 PAC,40872,Rural Minn Preservation,$500.00 ,6.777822963,0.435855191
30325,St Paul Pipefitters Local 455 PAC,30618,Working Families Fund,$200.00 ,2.711129185,0.174342077
30337,Health Partners Civic Affairs Council,40295,Friends of DFL Women,$250.00 ,100,1.782531194
30345,Winthrop & Weinstine PA Political Fund,40295,Friends of DFL Women,"$1,000.00 ",41.66666667,3.423411272
30345,Winthrop & Weinstine PA Political Fund,30556,St Paul Area Chamber of Commerce PAC,$650.00 ,27.08333333,2.225217327
30345,Winthrop & Weinstine PA Political Fund,41047,Pro Jobs Majority,$500.00 ,20.83333333,1.711705636
30345,Winthrop & Weinstine PA Political Fund,40979,Rochester Citizens Coalition,$250.00 ,10.41666667,0.855852818
30348,Mah Mah Wi No Min Fund I,70026,Take Action PAC,"$10,000.00 ",94.33962264,1.093541544
30348,Mah Mah Wi No Min Fund I,70013,TwinWest Chamber of Commerce PAC,$600.00 ,5.660377358,6.56E-02
30548,Carpenters Union Local #87 PAF,30561,North Central States Carpenters PAC,$839.27 ,100,13.45141339
30550,Suburban School Emp Local 284 Pol Act Fund,30037,SEIU Minn State Council Political Fund,"$77,015.41 ",84.65426367,72.01948326
30550,Suburban School Emp Local 284 Pol Act Fund,30025,Minn AFL-CIO,"$13,961.00 ",15.34573633,13.05536133
30552,NARAL Pro-Choice Minn Election Fund,40933,Putting Minnesota First,"$2,200.00 ",100,65.67164179
30553,Minn CAP-PAC,30613,Ewald Political Fund,$250.00 ,100,5.319148936
30555,Prairie Island Indian Community PAC,40295,Friends of DFL Women,"$1,000.00 ",100,0.154040719
30556,St Paul Area Chamber of Commerce PAC,30603,St Paul Police Federation Political Awareness Fund,"$10,000.00 ",90.90909091,79.6812749
30556,St Paul Area Chamber of Commerce PAC,70007,Coalition of MN Businesses PAC,"$1,000.00 ",9.090909091,7.96812749
30557,NAIOP Economic Growth Fund,70007,Coalition of MN Businesses PAC,"$42,000.00 ",97.6744186,70.29288703
30557,NAIOP Economic Growth Fund,41035,MN FORWARD,"$1,000.00 ",2.325581395,1.673640167
30558,Education Minn PAC,99999,2010/2012 Funds,"$580,000.00 ",62.37531658,20.21565059
30558,Education Minn PAC,30623,Working America Minn Political Committee,"$105,000.00 ",11.29208317,3.659729849
30558,Education Minn PAC,30025,Minn AFL-CIO,"$72,000.00 ",7.743142748,2.509529039
30558,Education Minn PAC,70026,Take Action PAC,"$50,000.00 ",5.377182464,1.742728499
30558,Education Minn PAC,30288,Minn Police & Peace Officers Assoc Leg Fund,"$40,000.00 ",4.301745971,1.394182799
30558,Education Minn PAC,30654,Public Safety Matters Campaign,"$40,000.00 ",4.301745971,1.394182799
30558,Education Minn PAC,30634,Greater Minnesota Votes,"$10,000.00 ",1.075436493,0.3485457
30558,Education Minn PAC,30637,Somali Action Alliance Political Fund,"$10,000.00 ",1.075436493,0.3485457
30558,Education Minn PAC,40933,Putting Minnesota First,"$8,000.00 ",0.860349194,0.27883656
30558,Education Minn PAC,80024,Alliance for a Better Minnesota Action Fund,"$5,000.00 ",0.537718246,0.17427285
30558,Education Minn PAC,30011,Minneapolis Regional Labor Federation,"$2,590.00 ",0.278538052,9.03E-02
30558,Education Minn PAC,40295,Friends of DFL Women,"$2,000.00 ",0.215087299,6.97E-02
30558,Education Minn PAC,30225,TRIAL-PAC,"$2,000.00 ",0.215087299,6.97E-02
30558,Education Minn PAC,30270,MAPE-PAC,"$1,500.00 ",0.161315474,5.23E-02
30558,Education Minn PAC,40872,Rural Minn Preservation,"$1,340.00 ",0.14410849,4.67E-02
30558,Education Minn PAC,40268,womenwinning State PAC,$425.00 ,4.57E-02,1.48E-02
30559,ARM - Political Action Comm,40098,Road PAC of Minn,"$1,000.00 ",100,80
30560,So Dakota Cty Labor Council COPE Fund,40790,St Paul Regional Labor Federation AFL-CIO (fka St Pl Trds & Lbr Asmbly PAC),"$3,650.14 ",100,82.02303748
30561,North Central States Carpenters PAC,40954,America Votes - Minnesota,"$8,000.00 ",31.09225539,1.216958845
30561,North Central States Carpenters PAC,41005,Edinans for Erhardt,"$5,000.00 ",19.43265962,0.760599278
30561,North Central States Carpenters PAC,30654,Public Safety Matters Campaign,"$5,000.00 ",19.43265962,0.760599278
30561,North Central States Carpenters PAC,30608,MN State Bldg & Construction Trades Cncl Pol Fund,"$1,304.88 ",5.071457776,0.198498157
30561,North Central States Carpenters PAC,30646,Citizens for Smith,"$1,000.00 ",3.886531923,0.152119856
30561,North Central States Carpenters PAC,30058,International Union of Operating Engineers,"$1,000.00 ",3.886531923,0.152119856
30561,North Central States Carpenters PAC,70026,Take Action PAC,"$1,000.00 ",3.886531923,0.152119856
30561,North Central States Carpenters PAC,40790,St Paul Regional Labor Federation AFL-CIO (fka St Pl Trds & Lbr Asmbly PAC),$525.00 ,2.04042926,0.079862924
30561,North Central States Carpenters PAC,30592,Carpenters Local Union 361 Pol Fund,$500.00 ,1.943265962,7.61E-02
30561,North Central States Carpenters PAC,40295,Friends of DFL Women,$500.00 ,1.943265962,7.61E-02
30561,North Central States Carpenters PAC,30012,Minneapolis Bldg & Construct Trades Council,$500.00 ,1.943265962,7.61E-02
30561,North Central States Carpenters PAC,40098,Road PAC of Minn,$500.00 ,1.943265962,7.61E-02
30561,North Central States Carpenters PAC,40983,Maplewood Voters Coalition,$300.00 ,1.165959577,4.56E-02
30561,North Central States Carpenters PAC,40782,Carpenters Local 1644 PAC,$250.00 ,0.971632981,3.80E-02
30561,North Central States Carpenters PAC,30600,Carpenters Local 930 PAC,$200.00 ,0.777306385,3.04E-02
30561,North Central States Carpenters PAC,30617,Building Trades C1 PAC Fund,$150.00 ,0.582979788,2.28E-02
30563,Bois Forte Political Education Fund,40295,Friends of DFL Women,"$2,000.00 ",100,3.072196621
30567,BCA Agents Political Fund,30654,Public Safety Matters Campaign,"$2,500.00 ",100,100
30568,Rice Michels & Walther LLP Political Fund,30603,St Paul Police Federation Political Awareness Fund,$200.00 ,100,1.18371107
30571,Plumbers & Pipefitters Local #589 Pol Action Comm,40872,Rural Minn Preservation,$500.00 ,56.28855766,2.76422081
30571,Plumbers & Pipefitters Local #589 Pol Action Comm,30599,Minn Pipe Trades Assn PAC Fund,$388.28 ,43.71144234,2.146583313
30575,CWA Minnesota State Council,30088,AFL-CIO Southeast Central Labor Council,$300.00 ,100,3.125
30576,CWA Local 7250 Political Fund,30575,CWA Minnesota State Council,$492.58 ,100,100
30577,Plumbers & Steamfitters Local 11 PAC Fund,30599,Minn Pipe Trades Assn PAC Fund,"$1,533.08 ",88.45985182,5.6181307
30577,Plumbers & Steamfitters Local 11 PAC Fund,40403,8th Congressional District COPE AFL-CIO,$200.00 ,11.54014818,0.732920748
30580,D B I - E - PAG,40098,Road PAC of Minn,$875.30 ,100,100
30584,Best & Flanagan Political Fund,40295,Friends of DFL Women,"$1,750.00 ",89.74358974,3.395585739
30584,Best & Flanagan Political Fund,40967,Senate District 30 Fund,$200.00 ,10.25641026,0.388066942
30587,Goff Public PAC,40936,21st Senate District Republican Party,"$2,500.00 ",83.33333333,4.945598417
30587,Goff Public PAC,40295,Friends of DFL Women,$250.00 ,8.333333333,0.494559842
30587,Goff Public PAC,30195,MN Retailers IMPACT (fka Mn Retail Pol Advocacy Fd),$250.00 ,8.333333333,0.494559842
30588,Sheet Metal Workers PAC 10,30608,MN State Bldg & Construction Trades Cncl Pol Fund,$558.60 ,34.38469493,0.462840365
30588,Sheet Metal Workers PAC 10,40403,8th Congressional District COPE AFL-CIO,$500.00 ,30.77756439,0.414286041
30588,Sheet Metal Workers PAC 10,30011,Minneapolis Regional Labor Federation,$315.96 ,19.44895849,0.261795635
30588,Sheet Metal Workers PAC 10,30634,Greater Minnesota Votes,$250.00 ,15.38878219,0.20714302
30591,Minn Seasonal Recreational Property Owners PAC,40872,Rural Minn Preservation,$500.00 ,50,1.367989056
30591,Minn Seasonal Recreational Property Owners PAC,40295,Friends of DFL Women,$250.00 ,25,0.683994528
30591,Minn Seasonal Recreational Property Owners PAC,40981,Progressive Majority Minnesota,$250.00 ,25,0.683994528
30593,AFSCME Minn PEOPLE Committee Council 5 PAC,99999,2010/2012 Funds,"$250,000.00 ",49.73250972,20.92295647
30593,AFSCME Minn PEOPLE Committee Council 5 PAC,30025,Minn AFL-CIO,"$86,047.55 ",17.11744247,7.201476572
30593,AFSCME Minn PEOPLE Committee Council 5 PAC,40933,Putting Minnesota First,"$25,500.00 ",5.072715991,2.13414156
30593,AFSCME Minn PEOPLE Committee Council 5 PAC,30654,Public Safety Matters Campaign,"$25,000.00 ",4.973250972,2.092295647
30593,AFSCME Minn PEOPLE Committee Council 5 PAC,30623,Working America Minn Political Committee,"$22,687.50 ",4.513225257,1.8987583
30593,AFSCME Minn PEOPLE Committee Council 5 PAC,30011,Minneapolis Regional Labor Federation,"$20,000.00 ",3.978600777,1.673836517
30593,AFSCME Minn PEOPLE Committee Council 5 PAC,80024,Alliance for a Better Minnesota Action Fund,"$16,300.00 ",3.242559634,1.364176762
30593,AFSCME Minn PEOPLE Committee Council 5 PAC,30634,Greater Minnesota Votes,"$15,000.00 ",2.983950583,1.255377388
30593,AFSCME Minn PEOPLE Committee Council 5 PAC,40994,Northeast ALC PAC,"$10,800.00 ",2.14844442,0.903871719
30593,AFSCME Minn PEOPLE Committee Council 5 PAC,30273,Duluth Central Labor Body COPE Fund,"$10,000.00 ",1.989300389,0.836918259
30593,AFSCME Minn PEOPLE Committee Council 5 PAC,41005,Edinans for Erhardt,"$6,000.00 ",1.193580233,0.502150955
30593,AFSCME Minn PEOPLE Committee Council 5 PAC,70026,Take Action PAC,"$6,000.00 ",1.193580233,0.502150955
30593,AFSCME Minn PEOPLE Committee Council 5 PAC,30225,TRIAL-PAC,"$4,000.00 ",0.795720155,0.334767303
30593,AFSCME Minn PEOPLE Committee Council 5 PAC,40954,America Votes - Minnesota,"$2,000.00 ",0.397860078,0.167383652
30593,AFSCME Minn PEOPLE Committee Council 5 PAC,30646,Citizens for Smith,"$2,000.00 ",0.397860078,0.167383652
30593,AFSCME Minn PEOPLE Committee Council 5 PAC,41084,Minneapolis Democrats for Truth,$854.24 ,0.169933996,7.15E-02
30593,AFSCME Minn PEOPLE Committee Council 5 PAC,30191,VOTE - 66,$500.00 ,9.95E-02,4.18E-02
30594,Boilermakers 647 Political Action Fund,30025,Minn AFL-CIO,"$10,000.00 ",90.90909091,4.703945434
30594,Boilermakers 647 Political Action Fund,40790,St Paul Regional Labor Federation AFL-CIO (fka St Pl Trds & Lbr Asmbly PAC),"$1,000.00 ",9.090909091,0.470394543
30599,Minn Pipe Trades Assn PAC Fund,30025,Minn AFL-CIO,"$1,920.80 ",40.85634977,2.504019755
30599,Minn Pipe Trades Assn PAC Fund,30608,MN State Bldg & Construction Trades Cncl Pol Fund,"$1,230.55 ",26.17439672,1.604186542
30599,Minn Pipe Trades Assn PAC Fund,40295,Friends of DFL Women,$750.00 ,15.9528646,0.977725331
30599,Minn Pipe Trades Assn PAC Fund,30617,Building Trades C1 PAC Fund,$300.00 ,6.381145841,0.391090132
30599,Minn Pipe Trades Assn PAC Fund,30012,Minneapolis Bldg & Construct Trades Council,$300.00 ,6.381145841,0.391090132
30599,Minn Pipe Trades Assn PAC Fund,40872,Rural Minn Preservation,$200.00 ,4.254097227,0.260726755
30602,SEIU Local 26 Political Fund,30037,SEIU Minn State Council Political Fund,"$66,107.47 ",100,80.76417242
30606,UNITE HERE TIP State and Local Fund-MN,30060,Minn State Council of UNITE HERE Unions,"$37,500.00 ",100,71.42857143
30608,MN State Bldg & Construction Trades Cncl Pol Fund,30025,Minn AFL-CIO,"$5,000.00 ",55.55555556,3.529677778
30608,MN State Bldg & Construction Trades Cncl Pol Fund,30623,Working America Minn Political Committee,"$2,500.00 ",27.77777778,1.764838889
30608,MN State Bldg & Construction Trades Cncl Pol Fund,40295,Friends of DFL Women,"$1,500.00 ",16.66666667,1.058903333
30611,IUPAT Political Action Together Pol Committee,30025,Minn AFL-CIO,"$18,251.00 ",66.97368904,12.48349874
30611,IUPAT Political Action Together Pol Committee,30011,Minneapolis Regional Labor Federation,"$6,500.00 ",23.85233569,4.445934022
30611,IUPAT Political Action Together Pol Committee,40981,Progressive Majority Minnesota,"$2,000.00 ",7.339180214,1.367979699
30611,IUPAT Political Action Together Pol Committee,30617,Building Trades C1 PAC Fund,$500.00 ,1.834795053,0.341994925
30617,Building Trades C1 PAC Fund,40872,Rural Minn Preservation,$450.00 ,100,1.549053356
30618,Working Families Fund,30634,Greater Minnesota Votes,"$5,000.00 ",66.66666667,24.57002457
30618,Working Families Fund,30623,Working America Minn Political Committee,"$2,500.00 ",33.33333333,12.28501229
30619,Federal Express Minn State Fund,40936,21st Senate District Republican Party,$500.00 ,100,2.958579882
30625,WIN Minnesota Political Action Fund,80024,Alliance for a Better Minnesota Action Fund,"$5,429,920.30 ",95.30375517,95.30375517
30625,WIN Minnesota Political Action Fund,99999,2010/2012 Funds,"$129,770.00 ",2.27767032,2.27767032
30625,WIN Minnesota Political Action Fund,30623,Working America Minn Political Committee,"$100,000.00 ",1.755159374,1.755159374
30625,WIN Minnesota Political Action Fund,30629,Impact Minnesota Political Fund,"$29,500.00 ",0.517772015,0.517772015
30625,WIN Minnesota Political Action Fund,30654,Public Safety Matters Campaign,"$5,000.00 ",8.78E-02,8.78E-02
30625,WIN Minnesota Political Action Fund,40933,Putting Minnesota First,"$3,298.00 ",5.79E-02,5.79E-02
30626,East Central MN Area Labor Council COPE,30634,Greater Minnesota Votes,$500.00 ,100,4.807692308
30628,"Planned Parenthood Minnesota, North Dakota, South Dakota Action Fund",40933,Putting Minnesota First,"$5,000.00 ",100,100
30631,HRC Equality Votes Minnesota,99999,2010/2012 Funds,"$110,000.00 ",84.61538462,84.61538462
30631,HRC Equality Votes Minnesota,30633,OutFront MN Action Independent Expenditure Fund,"$20,000.00 ",15.38461538,15.38461538
30635,Housing First,40989,Minnesota's Future,"$10,000.00 ",57.14285714,57.14285714
30635,Housing First,30625,WIN Minnesota Political Action Fund,"$7,500.00 ",42.85714286,42.85714286
30640,Dominium Political Fund,30124,Multi Housing Political Action Committee,"$10,000.00 ",100,79.6812749
40019,Food PAC of Minn,40295,Friends of DFL Women,$250.00 ,100,0.388953715
40038,"CAR, Committee of Automotive Retailers",40837,Local Action Political Action Committee,"$29,855.29 ",98.35284064,11.21935231
40038,"CAR, Committee of Automotive Retailers",40936,21st Senate District Republican Party,$500.00 ,1.647159358,0.187895551
40045,Committee of Thirteen Legislative Fund,40295,Friends of DFL Women,$125.00 ,100,0.118562079
40066,GOP FC PAC,40990,Real Republican Majority-Minn,"$2,500.00 ",100,100
40069,Northwest Petroleum NPPAC,41021,VOICES of Conservative Women State PAC (VOICESPAC),$300.00 ,100,0.570125428
40094,IBEW Local #31 Volunteer COPE Fund,30331,IBEW - COPE,"$45,415.00 ",97.42572133,74.94842809
40094,IBEW Local #31 Volunteer COPE Fund,40086,Aitkin County DFL Club,$500.00 ,1.072616111,0.82515059
40094,IBEW Local #31 Volunteer COPE Fund,30273,Duluth Central Labor Body COPE Fund,$400.00 ,0.858092889,0.660120472
40094,IBEW Local #31 Volunteer COPE Fund,40403,8th Congressional District COPE AFL-CIO,$300.00 ,0.643569666,0.495090354
40098,Road PAC of Minn,41005,Edinans for Erhardt,"$10,000.00 ",100,36.14902943
40105,Lindquist & Vennum Political Fund,30556,St Paul Area Chamber of Commerce PAC,$850.00 ,100,4.082612872
40123,Minn Service Station Assoc,40295,Friends of DFL Women,$250.00 ,100,2.336448598
40201,Minn AGPAC,40989,Minnesota's Future,"$2,000.00 ",100,8.368305878
40238,Rural Electric Political Action Comm,40936,21st Senate District Republican Party,$250.00 ,100,0.318181934
40246,PAL 9 Natl Assoc of Letter Carriers,30011,Minneapolis Regional Labor Federation,"$1,800.00 ",70.03891051,5.854610506
40246,PAL 9 Natl Assoc of Letter Carriers,40403,8th Congressional District COPE AFL-CIO,$450.00 ,17.50972763,1.463652626
40246,PAL 9 Natl Assoc of Letter Carriers,30618,Working Families Fund,$180.00 ,7.003891051,0.585461051
40246,PAL 9 Natl Assoc of Letter Carriers,30013,Joint Council 32 DRIVE,$140.00 ,5.447470817,0.455358595
40254,Minneapolis Fire Department Pensioners PCF,99999,2010/2012 Funds,"$3,000.00 ",100,10.3626943
40275,Public Emp Pension Serv Assn (PEPSA) Pol Fund,40295,Friends of DFL Women,$250.00 ,100,0.35328199
40276,Paper Allied-Ind Chem & Energy Workers Intl Union,40745,United Steelworkers District 11 Non-Federal Acct,"$4,734.25 ",100,100
40295,Friends of DFL Women,30647,CMVC Fund (Conservation MN Voter Center),$500.00 ,100,0.620732464
40404,IBEW Minn State Council PAC,99999,2010/2012 Funds,"$145,000.00 ",55.04822813,26.86526508
40404,IBEW Minn State Council PAC,30025,Minn AFL-CIO,"$55,000.00 ",20.8803624,10.19027296
40404,IBEW Minn State Council PAC,80024,Alliance for a Better Minnesota Action Fund,"$20,000.00 ",7.592859053,3.705553804
40404,IBEW Minn State Council PAC,30634,Greater Minnesota Votes,"$11,500.00 ",4.365893955,2.130693438
40404,IBEW Minn State Council PAC,70026,Take Action PAC,"$10,000.00 ",3.796429526,1.852776902
40404,IBEW Minn State Council PAC,30636,TakeAction Political Fund,"$7,500.00 ",2.847322145,1.389582677
40404,IBEW Minn State Council PAC,40944,Alliance for a Better Minnesota,"$5,000.00 ",1.898214763,0.926388451
40404,IBEW Minn State Council PAC,30608,MN State Bldg & Construction Trades Cncl Pol Fund,"$2,655.39 ",1.0081001,0.491984526
40404,IBEW Minn State Council PAC,40872,Rural Minn Preservation,"$2,000.00 ",0.759285905,0.37055538
40404,IBEW Minn State Council PAC,30011,Minneapolis Regional Labor Federation,"$1,500.00 ",0.569464429,0.277916535
40404,IBEW Minn State Council PAC,40295,Friends of DFL Women,"$1,250.00 ",0.474553691,0.231597113
40404,IBEW Minn State Council PAC,30623,Working America Minn Political Committee,"$1,000.00 ",0.379642953,0.18527769
40404,IBEW Minn State Council PAC,40086,Aitkin County DFL Club,$500.00 ,0.189821476,9.26E-02
40404,IBEW Minn State Council PAC,40954,America Votes - Minnesota,$500.00 ,0.189821476,9.26E-02
40417,Hammel Green & Abrahamson Inc PAC,70001,Minn Chamber of Commerce Leadership Fd,$550.00 ,100,25.88235294
40491,D&T Better Government Committee,70005,Minn CPAs Public Affairs Committee,"$17,177.84 ",100,100
40550,Shakopee Mdewakanton Sioux,40295,Friends of DFL Women,"$3,000.00 ",75,0.204784168
40550,Shakopee Mdewakanton Sioux,40872,Rural Minn Preservation,"$1,000.00 ",25,6.83E-02
40634,Stonewall DFL (The),30168,DFL Feminist Caucus - Candidates Fund,$320.00 ,100,3.449733077
40666,Minn Manufactured Home PAC,40936,21st Senate District Republican Party,$200.00 ,100,0.350140056
40712,Laborers District Council of Minn & ND Pol Fund,99999,2010/2012 Funds,"$215,000.00 ",48.59855335,11.77920833
40712,Laborers District Council of Minn & ND Pol Fund,30025,Minn AFL-CIO,"$90,000.00 ",20.34358047,4.930831393
40712,Laborers District Council of Minn & ND Pol Fund,80024,Alliance for a Better Minnesota Action Fund,"$50,000.00 ",11.30198915,2.739350774
40712,Laborers District Council of Minn & ND Pol Fund,30011,Minneapolis Regional Labor Federation,"$37,250.00 ",8.419981917,2.040816327
40712,Laborers District Council of Minn & ND Pol Fund,40790,St Paul Regional Labor Federation AFL-CIO (fka St Pl Trds & Lbr Asmbly PAC),"$17,000.00 ",3.842676311,0.931379263
40712,Laborers District Council of Minn & ND Pol Fund,70026,Take Action PAC,"$15,600.00 ",3.526220615,0.854677441
40712,Laborers District Council of Minn & ND Pol Fund,41005,Edinans for Erhardt,"$7,000.00 ",1.582278481,0.383509108
40712,Laborers District Council of Minn & ND Pol Fund,30058,International Union of Operating Engineers,"$3,000.00 ",0.678119349,0.164361046
40712,Laborers District Council of Minn & ND Pol Fund,40098,Road PAC of Minn,"$2,000.00 ",0.452079566,0.109574031
40712,Laborers District Council of Minn & ND Pol Fund,30088,AFL-CIO Southeast Central Labor Council,"$1,400.00 ",0.316455696,7.67E-02
40712,Laborers District Council of Minn & ND Pol Fund,40981,Progressive Majority Minnesota,"$1,000.00 ",0.226039783,5.48E-02
40712,Laborers District Council of Minn & ND Pol Fund,30623,Working America Minn Political Committee,"$1,000.00 ",0.226039783,5.48E-02
40712,Laborers District Council of Minn & ND Pol Fund,30273,Duluth Central Labor Body COPE Fund,$750.00 ,0.169529837,4.11E-02
40712,Laborers District Council of Minn & ND Pol Fund,40872,Rural Minn Preservation,$500.00 ,0.113019892,2.74E-02
40712,Laborers District Council of Minn & ND Pol Fund,30618,Working Families Fund,$400.00 ,9.04E-02,2.19E-02
40712,Laborers District Council of Minn & ND Pol Fund,30617,Building Trades C1 PAC Fund,$300.00 ,6.78E-02,1.64E-02
40712,Laborers District Council of Minn & ND Pol Fund,30012,Minneapolis Bldg & Construct Trades Council,$200.00 ,4.52E-02,1.10E-02
40714,Minn Hospital PAC,40979,Rochester Citizens Coalition,"$2,250.00 ",57.69230769,1.056834194
40714,Minn Hospital PAC,40295,Friends of DFL Women,"$1,000.00 ",25.64102564,0.469704086
40714,Minn Hospital PAC,40967,Senate District 30 Fund,$500.00 ,12.82051282,0.234852043
40714,Minn Hospital PAC,41021,VOICES of Conservative Women State PAC (VOICESPAC),$150.00 ,3.846153846,7.05E-02
40725,Gray Plant Mooty Mooty & Bennett Independent PAC,40295,Friends of DFL Women,$100.00 ,100,0.877192982
40745,United Steelworkers District 11 Non-Federal Acct,99999,2010/2012 Funds,"$25,000.00 ",92.59259259,24.03846154
40745,United Steelworkers District 11 Non-Federal Acct,70026,Take Action PAC,"$1,500.00 ",5.555555556,1.442307692
40745,United Steelworkers District 11 Non-Federal Acct,40295,Friends of DFL Women,$500.00 ,1.851851852,0.480769231
40751,Minn Bank State PAC,70007,Coalition of MN Businesses PAC,"$31,000.00 ",100,22.74394718
40756,Minn TruckPAC (fka Minn Trucking Assn State PAC),70007,Coalition of MN Businesses PAC,"$30,000.00 ",99.17355372,23.70136283
40756,Minn TruckPAC (fka Minn Trucking Assn State PAC),70041,HRC Minnesota PAC,$250.00 ,0.826446281,0.197511357
40782,Carpenters Local 1644 PAC,30561,North Central States Carpenters PAC,"$3,145.56 ",100,14.91100497
40786,Messerli & Kramer Political Action Comm,70001,Minn Chamber of Commerce Leadership Fd,"$1,250.00 ",40.32258065,1.054318489
40786,Messerli & Kramer Political Action Comm,30556,St Paul Area Chamber of Commerce PAC,$650.00 ,20.96774194,0.548245614
40786,Messerli & Kramer Political Action Comm,40295,Friends of DFL Women,$500.00 ,16.12903226,0.421727395
40786,Messerli & Kramer Political Action Comm,70013,TwinWest Chamber of Commerce PAC,$500.00 ,16.12903226,0.421727395
40786,Messerli & Kramer Political Action Comm,30195,MN Retailers IMPACT (fka Mn Retail Pol Advocacy Fd),$200.00 ,6.451612903,0.168690958
40789,Minn Power PAC,70001,Minn Chamber of Commerce Leadership Fd,"$2,700.00 ",65.06024096,4.593399115
40789,Minn Power PAC,80010,MN Utility Investors Pol Action Fund,"$1,450.00 ",34.93975904,2.466825451
40790,St Paul Regional Labor Federation AFL-CIO (fka St Pl Trds & Lbr Asmbly PAC),40933,Putting Minnesota First,"$7,000.00 ",54.05346969,14.52277939
40790,St Paul Regional Labor Federation AFL-CIO (fka St Pl Trds & Lbr Asmbly PAC),30560,So Dakota Cty Labor Council COPE Fund,"$3,650.14 ",28.18610455,7.572882568
40790,St Paul Regional Labor Federation AFL-CIO (fka St Pl Trds & Lbr Asmbly PAC),70026,Take Action PAC,"$2,000.00 ",15.44384848,4.149365541
40790,St Paul Regional Labor Federation AFL-CIO (fka St Pl Trds & Lbr Asmbly PAC),40994,Northeast ALC PAC,$300.00 ,2.316577273,0.622404831
40815,DRIVE- Democrat Republican Ind. Voter Edu.,30013,Joint Council 32 DRIVE,"$446,891.53 ",46.51783443,39.80547518
40815,DRIVE- Democrat Republican Ind. Voter Edu.,80023,Teamsters Local 120 DRIVE,"$328,797.07 ",34.22514504,29.28657746
40815,DRIVE- Democrat Republican Ind. Voter Edu.,80024,Alliance for a Better Minnesota Action Fund,"$150,000.00 ",15.61380043,13.36078416
40815,DRIVE- Democrat Republican Ind. Voter Edu.,99999,2010/2012 Funds,"$35,000.00 ",3.643220101,3.117516305
40820,Local 851 Political Action Committee,30561,North Central States Carpenters PAC,"$12,364.60 ",100,54.07748222
40822,Choice Voter,40787,Citizens for Effective Government,$107.50 ,100,100
40825,GREAT (Great River Energy Action Team-State),40872,Rural Minn Preservation,$500.00 ,100,0.833333333
40833,Business PAC of Central MN,70001,Minn Chamber of Commerce Leadership Fd,$300.00 ,100,100
40847,Emilys List - Minn,40268,womenwinning State PAC,"$5,500.00 ",64.70588235,3.128761269
40847,Emilys List - Minn,40933,Putting Minnesota First,"$3,000.00 ",35.29411765,1.706597056
40889,Leech Lake PAC,40295,Friends of DFL Women,$500.00 ,100,1.095967879
40894,Ottertail Power PAC,40872,Rural Minn Preservation,$200.00 ,100,0.872410033
40896,Kandiyohi Co Business Leadership Fund,70001,Minn Chamber of Commerce Leadership Fd,"$1,871.33 ",100,65.1729338
40909,Legacy Project for Political Empowerment,70026,Take Action PAC,"$2,595.40 ",83.84699877,83.84699877
40909,Legacy Project for Political Empowerment,70032,Sensible Gun Laws,$500.00 ,16.15300123,16.15300123
40940,MOHPA PAC,40268,womenwinning State PAC,$250.00 ,100,7.28E-02
40954,America Votes - Minnesota,80024,Alliance for a Better Minnesota Action Fund,"$21,000.00 ",80.76923077,80.76923077
40954,America Votes - Minnesota,40933,Putting Minnesota First,"$5,000.00 ",19.23076923,19.23076923
40967,Senate District 30 Fund,40979,Rochester Citizens Coalition,$391.24 ,100,34.61136963
40979,Rochester Citizens Coalition,40268,womenwinning State PAC,$125.00 ,100,6.666666667
40981,Progressive Majority Minnesota,40268,womenwinning State PAC,$125.00 ,100,1.06932155
40989,Minnesota's Future,41051,Minnesota Future LLC,"$5,000.00 ",100,100
40991,FEAPAC - MINN,40295,Friends of DFL Women,"$1,500.00 ",50,2.369574661
40991,FEAPAC - MINN,70046,MIFSC PAC (MN Insurance & Financial Services Council),"$1,000.00 ",33.33333333,1.579716441
40991,FEAPAC - MINN,70014,Insurance Federation Political Action Comm,$500.00 ,16.66666667,0.78985822
40994,Northeast ALC PAC,30025,Minn AFL-CIO,$549.85 ,75.3373981,4.328726574
40994,Northeast ALC PAC,30618,Working Families Fund,$180.00 ,24.6626019,1.417060623
40996,Leaders Aligned for Health Care,40714,Minn Hospital PAC,"$1,075.00 ",100,7.818181818
41005,Edinans for Erhardt,40933,Putting Minnesota First,"$4,024.44 ",39.14684005,39.14684005
41005,Edinans for Erhardt,30058,International Union of Operating Engineers,"$2,816.15 ",27.3934693,27.3934693
41005,Edinans for Erhardt,40712,Laborers District Council of Minn & ND Pol Fund,"$1,978.12 ",19.2417199,19.2417199
41005,Edinans for Erhardt,30561,North Central States Carpenters PAC,"$1,461.66 ",14.21797075,14.21797075
41020,Hennepin County Deputies PAC (fka Hennepin Cnty Law Enfcmt PAC),30654,Public Safety Matters Campaign,"$5,000.00 ",100,95.23809524
41021,VOICES of Conservative Women State PAC (VOICESPAC),41089,Women's Victory Fund (Women PAC),"$3,000.00 ",100,22.18652657
41023,North Star SFAA-PAC,70014,Insurance Federation Political Action Comm,"$2,000.00 ",88.88888889,2.239641657
41023,North Star SFAA-PAC,70007,Coalition of MN Businesses PAC,$250.00 ,11.11111111,0.279955207
41028,Faithful Citizens Political Fund,40295,Friends of DFL Women,$175.00 ,100,100
41032,Resource Party,41042,Hunting and Angling Club,"$2,000.00 ",100,46.3714352
41045,Committee to Stop Wasteful Spending,40989,Minnesota's Future,"$3,062.89 ",100,100
41047,Pro Jobs Majority,41045,Committee to Stop Wasteful Spending,"$10,000.00 ",100,100
41049,State Fund for Economic Growth LLC,40989,Minnesota's Future,"$100,000.00 ",50,50
41049,State Fund for Economic Growth LLC,41035,MN FORWARD,"$100,000.00 ",50,50
41051,Minnesota Future LLC,40989,Minnesota's Future,"$1,229,904.63 ",100,100
41079,Choice in Minnesota Health Care,41047,Pro Jobs Majority,"$5,000.00 ",100,100
41092,Progressive Kick IE,41093,America Votes Action Fund - Minnesota,"$33,347.00 ",100,100
70001,Minn Chamber of Commerce Leadership Fd,70007,Coalition of MN Businesses PAC,"$350,000.00 ",97.98432251,74.38104346
70001,Minn Chamber of Commerce Leadership Fd,40989,Minnesota's Future,"$7,200.00 ",2.015677492,1.530124323
70004,Minn Business Partnership PAC,70007,Coalition of MN Businesses PAC,"$325,000.00 ",100,64.20387199
70006,Minn Realtors Political Action Committee,40295,Friends of DFL Women,$500.00 ,100,0.136407039
70007,Coalition of MN Businesses PAC,70001,Minn Chamber of Commerce Leadership Fd,"$21,841.52 ",100,100
70010,MABC PAC,70007,Coalition of MN Businesses PAC,"$12,500.00 ",100,33.30147049
70013,TwinWest Chamber of Commerce PAC,70007,Coalition of MN Businesses PAC,"$35,000.00 ",85.74083388,63.84450834
70013,TwinWest Chamber of Commerce PAC,70001,Minn Chamber of Commerce Leadership Fd,"$5,820.69 ",14.25916612,10.61768832
70014,Insurance Federation Political Action Comm,70007,Coalition of MN Businesses PAC,"$12,000.00 ",96.77419355,49.63805584
70014,Insurance Federation Political Action Comm,41090,Minn Organization of Republican Veterans (MORVets),$250.00 ,2.016129032,1.034126163
70014,Insurance Federation Political Action Comm,41021,VOICES of Conservative Women State PAC (VOICESPAC),$150.00 ,1.209677419,0.620475698
70016,MN Corn State PAC (fka MN Corn),40872,Rural Minn Preservation,$500.00 ,100,1.871257485
70025,Red Wing Area Business Leadership Council,70001,Minn Chamber of Commerce Leadership Fd,$479.59 ,100,100
70026,Take Action PAC,30649,Unidos Votamos - United We Vote,"$2,200.00 ",31.10859729,9.390308604
70026,Take Action PAC,41080,New Americans,"$2,000.00 ",28.28054299,8.536644185
70026,Take Action PAC,40994,Northeast ALC PAC,"$1,872.00 ",26.47058824,7.990298958
70026,Take Action PAC,40954,America Votes - Minnesota,"$1,000.00 ",14.14027149,4.268322093
70031,Dakota Cnty Regional Chamber Leadership Fund,70001,Minn Chamber of Commerce Leadership Fd,"$1,948.06 ",100,100
70033,OutFront Minnesota Action,30633,OutFront MN Action Independent Expenditure Fund,"$8,727.18 ",89.71952817,28.49488592
70033,OutFront Minnesota Action,40933,Putting Minnesota First,"$1,000.00 ",10.28047183,3.265073703
70041,HRC Minnesota PAC,80027,Project 515 PAC,$522.55 ,51.10263557,1.273443279
70041,HRC Minnesota PAC,70033,OutFront Minnesota Action,$500.00 ,48.89736443,1.218489407
80005,VET-PAC of Minn,40936,21st Senate District Republican Party,$200.00 ,100,0.581395349
80012,Planned Parenthood of Minn Pol Action Fund,40933,Putting Minnesota First,"$15,500.00 ",77.88944724,77.88944724
80012,Planned Parenthood of Minn Pol Action Fund,70026,Take Action PAC,"$2,400.00 ",12.06030151,12.06030151
80012,Planned Parenthood of Minn Pol Action Fund,41005,Edinans for Erhardt,"$2,000.00 ",10.05025126,10.05025126
80018,Clean Water Action Voter Education Project,40933,Putting Minnesota First,"$6,000.00 ",100,100
80020,Sierra Club Political Committee,40933,Putting Minnesota First,"$4,500.00 ",100,80.57296329
80021,CWA COPE PCC,80024,Alliance for a Better Minnesota Action Fund,"$30,000.00 ",65.07592191,35.25264395
80021,CWA COPE PCC,30025,Minn AFL-CIO,"$10,000.00 ",21.69197397,11.75088132
80021,CWA COPE PCC,70026,Take Action PAC,"$4,100.00 ",8.893709328,4.81786134
80021,CWA COPE PCC,30636,TakeAction Political Fund,"$2,000.00 ",4.338394794,2.350176263
80023,Teamsters Local 120 DRIVE,30608,MN State Bldg & Construction Trades Cncl Pol Fund,"$5,000.00 ",74.07407407,2.60218792
80023,Teamsters Local 120 DRIVE,30058,International Union of Operating Engineers,"$1,000.00 ",14.81481481,0.520437584
80023,Teamsters Local 120 DRIVE,40295,Friends of DFL Women,$750.00 ,11.11111111,0.390328188
80024,Alliance for a Better Minnesota Action Fund,30638,NARAL Pro-Choice Minnesota,"$4,240.00 ",100,100
80026,Minn Assoc of Professional Employees Political Fund,99999,2010/2012 Funds,"$115,000.00 ",52.76197467,28.6811652
80026,Minn Assoc of Professional Employees Political Fund,30025,Minn AFL-CIO,"$70,000.00 ",32.11598458,17.45810056
80026,Minn Assoc of Professional Employees Political Fund,80024,Alliance for a Better Minnesota Action Fund,"$18,710.00 ",8.58414388,4.666300878
80026,Minn Assoc of Professional Employees Political Fund,30654,Public Safety Matters Campaign,"$5,000.00 ",2.293998899,1.247007183
80026,Minn Assoc of Professional Employees Political Fund,40933,Putting Minnesota First,"$5,000.00 ",2.293998899,1.247007183
80026,Minn Assoc of Professional Employees Political Fund,40268,womenwinning State PAC,"$4,250.00 ",1.949899064,1.059956105
99999,2010/2012 Funds,80024,Alliance for a Better Minnesota Action Fund,"$3,826,506.94 ",97.05864691,97.05864691
99999,2010/2012 Funds,30625,WIN Minnesota Political Action Fund,"$115,961.93 ",2.94135309,2.94135309
