ComID,Committee,stype,CommCity,CommState,CommZip,CommWeb,RegistrationDate,TerminationDate,begincash2007,endcash2012
99999,2010/2012 Funds,Independent Expenditure,St Paul,MN,55104,,2/18/2010 14:57,,,$5.74 
40835,21st Century Democrats,Political Committee,Washington,DC,20009,,8/11/2000,12/19/2007,"$14,521.10 ",
40936,21st Senate District Republican Party,Political Committee,Marshall,MN,56258-3406,,3/24/2005,6/29/2009,"$1,053.43 ",
40986,5th Judicial District Republican Committee,Political Committee,Lakefield,MN,56150,,9/24/2007,11/28/2011,$0.00 ,
40403,8th Congressional District COPE AFL-CIO,Political Committee,Duluth,MN,55811,,10/17/1974,12/31/2008,"$2,428.15 ",
41033,9th Judicial District Committee,Political Committee,Remer,MN,56672,,6/21/2010 12:27,,,$385.90 
41088,A Stronger Minnesota,Independent Expenditure,Belle Plaine,MN,56011,www.astrongerminnesota.com,9/19/2012 14:28,,,$557.51 
70047,ACEC/MN Political Action Committee,Political Committee,Minnetonka,MN,55305,,8/24/2009 9:54,,,"$4,266.13 "
30644,Action4Liberty,Independent Expenditure,Plymouth,MN,55447,www.action4liberty.com,12/27/2011 9:07,,,$23.64 
30088,AFL-CIO Southeast Central Labor Council,Political Fund,Rochester,MN,55904,,11/12/1974,8/21/2008,"$3,573.76 ",
30204,AFSCME,Political Fund,Washington,DC,20036,afscme.org,9/27/1982,,$0.00 ,$0.00 
30596,AFSCME Local 1842 City of St Paul Technicians,Political Fund,South St Paul,MN,55075-2469,,9/14/2005,8/27/2012,$696.10 ,"$1,006.10 "
40752,AFSCME Local 2508 Political,Political Committee,So St Paul,MN,55075-2469,,6/6/1996 10:21,5/11/2012,$217.51 ,$78.15 
30586,AFSCME Local 2822 Political Action,Political Fund,Minneapolis,MN,55418,,7/8/2004,,"$2,545.70 ","$3,627.92 "
30343,AFSCME Local 2938,Political Fund,Minneapolis,MN,55415,,7/23/1992,,"$2,350.65 ",$730.50 
30572,AFSCME Local 306,Political Fund,West St Paul,MN,55118,,12/17/2001,12/15/2011,"$3,703.85 ",
40753,AFSCME Local 34 PEOPLE,Political Committee,Minneapolis,MN,55415-0222,,6/6/1996 15:31,,"$2,708.74 ","$1,544.74 "
30243,AFSCME Local 8 People Fund,Political Fund,South St Paul,MN,55075,,1/1/1990,,"$4,079.33 ","$4,852.94 "
30593,AFSCME Minn PEOPLE Committee Council 5 PAC,Political Fund,South St Paul,MN,55075,,5/19/2005,,"$35,296.45 ","$46,042.08 "
70024,Aging Services of Minn (fka MHHA PAC),Political Committee,St Paul,MN,55114,,8/13/2001,,"$5,071.37 ","$9,802.28 "
40086,Aitkin County DFL Club,Political Committee,Aitkin,MN,56431,,7/26/1976,,$705.16 ,"$1,672.61 "
30306,Alarm PAC,Political Fund,St Paul,MN,55103,,7/6/1989,,"$3,175.36 ","$3,237.65 "
40944,Alliance for a Better Minnesota,Political Committee,Minneapolis,MN,55414,,9/27/2005,11/27/2007,"$14,419.34 ",
80024,Alliance for a Better Minnesota Action Fund,Independent Expenditure,St Paul,MN,55104,abetterminnesota.org,9/26/2007,,$0.00 ,"$2,405.67 "
30074,Amalgamated Transit Union Local 1005,Political Fund,Minneapolis,MN,55414,,10/29/1974,,"$6,800.00 ",$541.88 
40954,America Votes - Minnesota,Political Committee,Washington,DC,20036,,5/10/2006,,"$86,793.81 ","$3,377.05 "
41093,America Votes Action Fund - Minnesota,Independent Expenditure,Washington,DC,20036,,9/28/2012 10:23,,,"$7,403.63 "
30657,Americans for Tax Reform Political Fund,Independent Expenditure,Washington,DC,20005,www.atr.org,11/2/2012 9:37,12/31/2012,,$0.00 
40281,ARC PAC of Minn,Political Committee,Minneapolis,MN,55417-2528,,8/12/1982,,"$3,019.63 ",$305.40 
30559,ARM - Political Action Comm,Political Fund,St Paul,MN,55114-0345,,1/19/1999,12/31/2010,"$1,751.86 ",
40910,Austin Chamber Business Leadership Committee,Political Committee,Austin,MN,55912,,9/11/2003,,$461.33 ,$178.92 
40683,Automotive Service Political Action Committee,Political Committee,Roseville,MN,55113,,10/21/1992,,"$1,680.93 ","$1,300.93 "
30137,BAM-PAC,Political Fund,St Paul,MN,55103-2186,,6/27/1978,,"$1,080.18 ","$8,954.21 "
30567,BCA Agents Political Fund,Political Fund,Bemidji,MN,56601,,7/18/2001,,"$3,545.13 ",$856.98 
30274,Beer PAC-Minn Beer Wholesalers Assoc,Political Fund,Eden Prairie,MN,55347,,4/15/1986,,"$3,604.54 ","$9,429.31 "
30170,Bemidji Central Labor Body AFL-CIO Pol Fund,Political Fund,Bemidji,MN,56619,,2/11/1990,,$443.20 ,$449.70 
30313,Best & Flanagan Political Fund,Political Fund,Minneapolis,MN,55402,,1/17/1990,7/24/2003,,
30584,Best & Flanagan Political Fund,Political Fund,Minneapolis,MN,55402,,6/4/2004,,$705.72 ,"$6,109.48 "
40555,Bike PAC,Political Committee,Forest Lake,MN,55025,,5/15/1989,,"$24,630.97 ","$22,621.00 "
30594,Boilermakers 647 Political Action Fund,Political Fund,Ramsey,MN,55303,,5/17/2005,,"$47,602.00 ","$28,625.12 "
30563,Bois Forte Political Education Fund,Political Fund,Nett Lake,MN,55772,,12/13/2000,,"($1,340.41)",$918.10 
30205,Bowling Political Action Committee,Political Fund,Maplewood,MN,55117,,10/12/1982,,"$1,036.94 ",$934.94 
30179,"Branch 28, NALC Political Action Fund",Political Fund,St Paul,MN,55106,,7/12/1981,,"$3,782.74 ","$3,362.34 "
40542,Brotherhood of Locomotive Engineers & Trainmen,Political Committee,Cleveland,OH,44113,,10/7/1988,,"$5,250.61 ","$5,396.61 "
30617,Building Trades C1 PAC Fund,Political Fund,St Paul,MN,55102,,10/18/2007,,"$5,273.29 ","$1,431.33 "
40522,Building Trades C1-PAC Fund,Political Committee,St Paul,MN,55102,,8/18/1988,10/18/2007,"$5,273.29 ",
70028,Burnsville Chamber PAC,Political Committee,Burnsville,MN,55337,,10/8/2002,,"$1,495.87 ",$885.82 
40833,Business PAC of Central MN,Political Committee,St Cloud,MN,56302-08121,,6/30/2000,7/14/2010,$443.81 ,
41056,Canary Party of Minnesota,Political Committee,Minnetonka,MN,55345,,4/26/2011 9:25,,,"$15,694.19 "
41052,Canterbury Park,Independent Expenditure,Shakopee,MN,55379,www.canterburypark.com,11/9/2010 15:17,11/9/2010,,
40038,"CAR, Committee of Automotive Retailers",Political Committee,St Paul,MN,55118-3505,,7/5/1974,,"$15,932.00 ","$24,164.90 "
30138,CARE / PAC,Political Fund,Bloomington,MN,55425,,8/31/1978,,"$33,572.00 ","$10,183.72 "
30583,Carpenters Local #606 PAC,Political Fund,Grand Rapids,MN,55744,,2/3/2004,,"$3,226.00 ","$7,211.30 "
40782,Carpenters Local 1644 PAC,Political Committee,Minneapolis,MN,55406,,1/26/1998,11/16/2011,"$3,047.51 ",
30642,Carpenters Local 322,Political Fund,St Paul,MN,55130,local322.net,10/28/2011 9:16,,,"$2,604.05 "
30614,Carpenters Local 464 Political Fund,Political Fund,Mankato,MN,56001,,10/12/2006,,$221.38 ,$218.38 
30600,Carpenters Local 930 PAC,Political Fund,St Cloud,MN,56303,,2/2/2006,,$358.52 ,"$1,570.49 "
30592,Carpenters Local Union 361 Pol Fund,Political Fund,Hermantown,MN,55811,,1/4/2005,,"$1,084.12 ",$969.12 
30548,Carpenters Union Local #87 PAF,Political Fund,St Paul,MN,55102,,9/19/1994 18:57,11/16/2011,"$3,966.37 ",
40247,Central Minn AFL-CIO Trades & Labor Assembly,Political Committee,St Cloud,MN,56301,,7/14/1976,,"$1,767.09 ",$341.53 
30581,CHG PAC,Political Fund,Maple Grove,MN,55311,,5/28/2003,10/12/2010,$385.01 ,
41079,Choice in Minnesota Health Care,Independent Expenditure,Golden Valley,MN,55422,,7/11/2012 8:09,,,"$1,332.33 "
40822,Choice Voter,Political Committee,St Paul,MN,55102,,8/11/1999,6/29/2009,$107.50 ,
40787,Citizens for Effective Government,Political Committee,St Paul,MN,55102,,6/9/1998,6/11/2012,$956.30 ,$0.00 
40976,Citizens for Honest Government,Political Committee,Minneapolis,MN,55417,,10/30/2006,7/6/2010,$822.00 ,
30646,Citizens for Smith,Independent Expenditure,Chanhassen,MN,55317,,6/26/2012 11:00,9/25/2012,,$0.00 
40895,Citizens for the Sensible Center,Political Committee,Rochester,MN,55902,,9/20/2002,12/31/2010,$829.42 ,
41094,Clean Energy PAC of Iberdrola Renewables LLC,Political Committee,Portland,OR,97209,,10/17/2012 14:06,,,"$15,514.04 "
30627,Clean Water Action Independent Fund,Independent Expenditure,Minneapolis,MN,55414,,8/4/2010 14:14,,,$0.00 
80018,Clean Water Action Voter Education Project,Political Fund,Minneapolis,MN,55414,,10/30/1984,,"$14,249.64 ",$380.12 
30647,CMVC Fund (Conservation MN Voter Center),Independent Expenditure,Minneapolis,MN,55415,www.mnvotercenter.org,7/20/2012 16:27,,,"$3,541.31 "
40898,Coalition for Democratic Values,Political Committee,Grand Marais,MN,55604,,10/17/2002,7/20/2012,"$2,662.54 ",$0.00 
70007,Coalition of MN Businesses PAC,Political Committee,St Paul,MN,55101,,11/15/1994 9:36,,"$9,408.19 ","$9,182.18 "
80013,COLL PAC,Political Fund,Eagan,MN,55121,,8/24/2002,,"$3,549.45 ","$6,246.20 "
40045,Committee of Thirteen Legislative Fund,Political Committee,Oakdale,MN,55128,committeeof13.org,10/21/1974,,"$5,827.00 ","$6,265.00 "
41045,Committee to Stop Wasteful Spending,Independent Expenditure,St Paul,MN,55101,,8/25/2010 11:29,12/31/2011,,
40274,Communication Workers of America Local 7200,Political Fund,Minneapolis,MN,55406,www.cwa7200.org,10/1/1974,,"$2,680.99 ",$90.90 
80008,Conservation Minnesota Voter Fund,Political Fund,Minneapolis,MN,55415,,8/24/2000,,"$9,609.22 ","$5,776.76 "
40855,Constitution Party of Minn,Political Committee,Redwood Falls,MN,56283,cpmn.org,1/7/1999,,"$2,461.90 ","$1,276.79 "
40269,Co-op PAC (fka MAC-PAC),Political Committee,St Paul,MN,55102,www.cooperativenetwork.coop,10/28/1981,,"$8,170.96 ","$15,656.52 "
30312,Council 65 Political Action Committee,Political Fund,Nashwauk,MN,55769,,4/13/1990,,"$5,356.58 ",$54.57 
41083,Count Them All Properly,Political Committee,St Paul,MN,55102,,2/8/2011 9:27,9/19/2012,,$0.00 
30224,CUVOL,Political Fund,St Paul,MN,55102,,2/28/1975,,"$1,552.69 ","$15,512.94 "
80021,CWA COPE PCC,Political Fund,Washington,DC,20001,,8/22/2006,,"$29,400.47 ","$315,208.98 "
30576,CWA Local 7250 Political Fund,Political Fund,Minneapolis,MN,55406-2699,,8/22/2002,12/31/2008,$590.70 ,
30575,CWA Minnesota State Council,Political Fund,Farmington,MN,55024,,7/10/2002,,"$2,061.95 ",$626.09 
30580,D B I - E - PAG,Political Fund,Prinsburg,MN,56281-0208,,4/2/2003,7/24/2007,$830.30 ,
40491,D&T Better Government Committee,Political Committee,Minneapolis,MN,55402-1538,,10/30/1987,8/8/2012,"$2,937.12 ",$0.00 
70031,Dakota Cnty Regional Chamber Leadership Fund,Political Committee,Eagan,MN,55123,,5/4/2004,10/17/2012,"$1,173.06 ",$0.00 
70039,Democrats for Life of Minnesota,Political Committee,St Paul,MN,55165-0523,,12/21/2005,6/15/2012,"$1,555.76 ",$10.00 
30168,DFL Feminist Caucus - Candidates Fund,Political Fund,Eden Prairie,MN,55346,,7/5/1974,,$767.71 ,"$1,005.46 "
40993,DFL Senior Caucus,Political Committee,St Paul,MN,55107,http://dflseniors.wordpress.com,12/28/2007,,$0.00 ,"$2,617.16 "
30640,Dominium Political Fund,Political Fund,Plymouth,MN,55441,,4/5/2011 14:24,,,"$6,270.00 "
30116,Dorsey Political Fund,Political Fund,Minneapolis,MN,55402-1498,,10/23/1974,,"$5,138.64 ","$6,278.51 "
41096,Draft Hann for Governor,Independent Expenditure,St Charles,MN,55972,drafthann4governor.com,12/13/2012 16:27,7/22/2013,,$165.25 
41018,Draft R T Rybak For Governor,Political Committee,Roseville,MN,55113,,7/16/2009 8:41,11/12/2009,,
40815,DRIVE- Democrat Republican Ind. Voter Edu.,Political Committee,Washington,DC,20001,,11/13/1998,,"$64,125.41 ",$0.00 
41059,Driving MN,Independent Expenditure,West St Paul,MN,55118,,6/30/2011 14:32,,,"$29,954.43 "
30217,Dul Bldg Trades Vol Party Fund,Political Fund,Duluth,MN,55812,,2/1/1983,,"$4,282.49 ","$1,379.88 "
40915,Duluth Active & Retired Teachers Group,Political Committee,Duluth,MN,55811,,1/22/2004,,"$8,802.41 ",$0.00 
30273,Duluth Central Labor Body COPE Fund,Political Fund,Duluth,MN,55812,,2/21/1986,12/31/2009,"$12,645.98 ",
30086,Duluth Federation of Teachers Political Fund,Political Fund,Duluth,MN,55811,,9/19/1974,12/31/2011,"$11,959.83 ",
30096,Duluth FirePAC,Political Fund,Duluth,MN,55803,www.duluthfirepac.com,9/12/1977,,"$25,338.93 ","$39,737.00 "
40171,Duluth Women's Republican Club,Political Committee,Duluth,MN,55803,,9/3/1974,6/18/2007,$399.66 ,
30626,East Central MN Area Labor Council COPE,Political Fund,St Cloud,MN,56301,,4/23/2010 9:31,,,$553.65 
41003,East Central Taxpayers,Political Committee,Pine City,MN,55063,,8/1/2008,,,$53.00 
30609,East Metro ASC LLC PAC (fka Minn Ambulatory Surgery Center Assoc),Political Fund,Lake Elmo,MN,55042,,8/9/2006,,"$1,822.18 ","$4,430.47 "
41029,Ecology Democracy Party,Political Committee,Minneapolis,MN,55403,www.ecologydemocracyparty.org,5/12/2010 9:29,,,$170.66 
70019,Ed Action,Political Committee,Chaska,MN,55318,,9/7/1999,12/31/2010,$714.78 ,
41074,Edina Democrats,Political Committee,Edina,MN,55435,,1/13/2012 12:38,,,"$1,000.54 "
41005,Edinans for Erhardt,Political Committee,Edina,MN,55424,,9/15/2008,12/31/2009,,
30136,Education Minn - Osseo PAC,Political Fund,Maple Grove,MN,55369,,6/26/1978,,"$2,962.80 ","$3,025.62 "
30558,Education Minn PAC,Political Fund,St Paul,MN,55103,,9/15/1998,,"$1,200.00 ","$154,763.88 "
40523,Electricians Local 242 IBEW PAC,Political Committee,Duluth,MN,55812,,8/26/1988,,$875.28 ,"$3,262.47 "
30103,Elementary Principals Action Committee,Political Fund,St Paul,MN,55108,,10/16/1975,,"$3,206.37 ","$10,883.61 "
40847,Emilys List - Minn,Political Committee,Washington,DC,20036,www.emilyslist.org,10/27/2000,,$961.14 ,
30613,Ewald Political Fund,Political Fund,St Paul,MN,55114,,9/19/2006,,$100.00 ,$0.00 
40985,Excelsior Energy Inc PAC,Political Committee,Eagan,MN,55123,,7/20/2007,4/12/2011,$0.00 ,
41037,Expose The Truth.com,Political Committee,Woodbury,MN,55125,exposethetruch.info,7/12/2010 14:44,,,"$1,497.74 "
30163,Faegre Baker Daniels State-Reg Pol Fund (fka Faegre & Benson LLP),Political Fund,Minneapolis,MN,55402-3901,PAC@FaegreBD.com,10/6/1980,,"$6,651.82 ","$1,300.50 "
41028,Faithful Citizens Political Fund,Political Committee,Minneapolis,MN,55405,,4/29/2010 8:35,,,$282.80 
40991,FEAPAC - MINN,Political Committee,Shorewood,MN,55331,,12/7/2007,,$0.00 ,"$21,234.34 "
30619,Federal Express Minn State Fund,Political Fund,Memphis,TN,38120,,9/8/2008,,,
30016,Firefighters Assoc of Mpls Political Fund,Political Fund,Minneapolis,MN,55418,,7/7/1974,,"$5,541.44 ","$54,034.75 "
30315,Fond du Lac Committee of Political Ed,Political Fund,Cloquet,MN,55720,,9/21/1988,,"$5,950.00 ","$7,312.66 "
40019,Food PAC of Minn,Political Committee,St Paul,MN,55102,,9/24/1974,,"$19,171.51 ","$47,765.51 "
40742,Freedom Club State PAC,Political Committee,Champlin,MN,55316,,11/2/1995 11:36,,"$1,564.29 ","$2,028.21 "
40943,Friends for Responsible Government,Political Committee,St Michael,MN,55376,,9/22/2005,10/13/2011,$318.05 ,
40295,Friends of DFL Women,Political Committee,St Paul,MN,55104,,9/24/1982,,"$1,852.18 ","$6,345.04 "
40935,Friends of Minn Nurse Anesthetists,Political Committee,Minneapolis,MN,55416,www.mnana.org,12/29/2004,,"$4,367.69 ","$14,756.52 "
30639,Friends of MN School Bus Operators Assn,Political Fund,Annandale,MN,55302,,3/8/2011 9:52,,,"$9,818.64 "
40809,Friends of the Minn Zoo,Political Committee,St Paul,MN,55103,,10/21/1998,,$674.01 ,$206.85 
40792,Fryberger Buchanan Smith & Frederick PAC,Political Committee,St Paul,MN,55105,,7/21/1998,,$15.57 ,$315.57 
40962,Gay and Lesbian Victory Fund,Political Committee,Washington,DC,20005,www.victoryfund.org,8/21/2006,,$635.00 ,"$1,246.00 "
30587,Goff Public PAC,Political Fund,St Paul,MN,55101,,8/16/2004,,"$1,583.18 ","$1,884.01 "
40066,GOP FC PAC,Political Committee,St Paul,MN,55102-3690,,7/9/1974,,"$46,782.55 ","$41,778.47 "
40970,Grand Portage PAC,Political Committee,Grand Portage,MN,55605,www.grandportage.com,10/12/2006,,"$7,205.35 ","$22,760.35 "
40903,Grand Rapids Area Chamber of Commerce PAC,Political Committee,Grand Rapids,MN,55744,,2/10/2003,,$0.00 ,$80.42 
40725,Gray Plant Mooty Mooty & Bennett Independent PAC,Political Committee,Minneapolis,MN,55402,,10/19/1994 9:28,,$53.30 ,"$14,117.37 "
40825,GREAT (Great River Energy Action Team-State),Political Committee,Wayzata,MN,55391,,12/30/1999,,"$7,252.56 ","$29,443.06 "
30634,Greater Minnesota Votes,Independent Expenditure,Minneapolis,MN,55408,,10/1/2010 10:00,12/31/2011,,
40417,Hammel Green & Abrahamson Inc PAC,Political Committee,Minneapolis,MN,55401-2338,,11/20/1985,,"$4,050.26 ","$5,120.51 "
30337,Health Partners Civic Affairs Council,Political Fund,St Paul,MN,55105,,12/5/1990,,"$1,613.40 ","$1,478.76 "
41020,Hennepin County Deputies PAC (fka Hennepin Cnty Law Enfcmt PAC),Political Fund,Minneapolis,MN,55412-1549,hcsda.com,10/26/2009 14:32,,,"$2,306.80 "
40840,Hennepin Cty Probation & Parole Officers Union,Political Committee,Minneapolis,MN,55415,,9/5/2000,10/12/2010,$600.00 ,
30218,Hospitality Political Action Committee,Political Fund,St Paul,MN,55117-2031,,7/3/1974,,"$24,778.29 ","$4,257.49 "
30635,Housing First,Independent Expenditure,Roseville,MN,55113,www.batconline.org,10/8/2010 8:59,,,"$12,070.39 "
30631,HRC Equality Votes Minnesota,Independent Expenditure,Washington,DC,20036,www.hrc.org,9/10/2010 14:56,12/31/2010,,
70041,HRC Minnesota PAC,Political Committee,Washington,DC,20036,,8/10/2006,10/22/2012,"$10,589.29 ",
41042,Hunting and Angling Club,Political Committee,Becker,MN,55308,,8/4/2010 14:23,,,$884.15 
30209,IAFF-Local #1935 PAC,Political Fund,Coon Rapids,MN,55433-3402,,10/25/1982,,"$3,164.11 ","$2,763.61 "
30655,IATSE Local #13 PAC Fund,Political Fund,Minneapolis,MN,55414,,10/12/2012 10:36,,,"$1,780.29 "
30331,IBEW - COPE,Political Fund,Washington,DC,20001,,10/29/1990,,"$649,034.04 ","$2,082,993.64 "
30316,IBEW 110 PAC,Political Fund,St Paul,MN,55106,,2/25/1990,,"$15,428.53 ","$18,042.68 "
40094,IBEW Local #31 Volunteer COPE Fund,Political Committee,Duluth,MN,55812,,9/28/1976,,"$11,798.06 ","$1,425.43 "
30119,IBEW Local 292 Political Education Fund,Political Fund,Minneapolis,MN,55414,,7/16/1974,,$937.61 ,"$20,325.33 "
30236,IBEW Local 343 Political Education Fund (fka Electr Loc 343 IBEW Ed Fd),Political Fund,Rochester,MN,55904-8435,,4/17/1984,,$921.00 ,"$1,439.64 "
40404,IBEW Minn State Council PAC,Political Committee,St Anthony Village,MN,55421-4352,,6/16/1980,,"$2,784.58 ","$3,161.48 "
40056,IFAPAC Minn,Political Committee,Minneapolis,MN,55422,,7/23/1974,,"$14,688.00 ","$4,856.52 "
30308,IFO Political Action Committee Fund (Inter Faculty Organization),Political Fund,St Paul,MN,55103,,9/26/1989,,"$1,265.93 ",$877.03 
30629,Impact Minnesota Political Fund,Independent Expenditure,St Paul,MN,55114,,8/26/2010 12:09,9/25/2012,,$0.00 
40248,Independent Community Bankers of Minn PAC,Political Committee,St Paul,MN,55108,,9/10/1975,,"$17,567.16 ","$46,289.11 "
41015,Independent Republican Party of Minn,Political Committee,St Paul,MN,55104,,5/15/2009 15:40,7/13/2010,,
70014,Insurance Federation Political Action Comm,Political Committee,Maple Grove,MN,55369-5611,,2/29/1980,,$614.56 ,"$2,212.08 "
30058,International Union of Operating Engineers,Political Fund,Minneapolis,MN,55418,,10/4/1974,,"$10,961.34 ","$12,180.85 "
30350,Iron Range Bldg Trades-PAF,Political Fund,Virginia,MN,55792,,1/15/1993,,$155.99 ,"$2,062.71 "
30194,Iron Range Labor Assembly Legislative Fund,Political Fund,Mount Iron,MN,55768,,11/4/1977,12/31/2009,"$4,707.37 ",
30092,Iron Workers Local 512,Political Fund,St Paul,MN,55104-1634,,11/25/1974,,"$17,443.49 ",$329.49 
80030,IUPAT District Council 82 PAC,Political Fund,Little Canada,MN,55117,,6/15/2012 11:35,,,"$7,350.53 "
30611,IUPAT Political Action Together Pol Committee,Political Fund,Hanover,MD,21076,,7/25/2006,,"$1,205,122.55 ","$983,110.06 "
41046,Jacobson Buffalo PAC,Political Committee,St Paul,MN,55114,,9/17/2010 8:54,,,$290.84 
30013,Joint Council 32 DRIVE,Political Fund,Minneapolis,MN,55414,,7/7/1974,,"$37,259.19 ","$51,506.30 "
41030,Justice in Minnesota,Political Committee,Apple Valley,MN,55124,,5/28/2010 11:23,12/31/2010,,
40896,Kandiyohi Co Business Leadership Fund,Political Committee,Willmar,MN,56201,,9/20/2002,7/16/2012,"$3,017.57 ",$0.00 
40712,Laborers District Council of Minn & ND Pol Fund,Political Fund,St Paul,MN,55117,,6/28/1994,,"$3,170.14 ","$22,757.14 "
30624,Larkin Hoffman Political Fund,Political Fund,Bloomington,MN,55431,,12/10/2009 10:49,,,"$4,876.85 "
30228,Lawyers Public Affairs Commission (LawPAC),Political Fund,Minneapolis,MN,55402,www.mnlawpac.com,3/9/1981,,"$1,800.17 ","$2,728.69 "
40996,Leaders Aligned for Health Care,Political Committee,St Louis Park,MN,55426,,4/18/2008,5/15/2012,,$5.00 
41008,League of Young Voters PAC,Political Committee,Brooklyn,NY,11201,www.theleague.com,6/2/2008 13:35,12/16/2011,,
40889,Leech Lake PAC,Political Committee,Cass Lake,MN,56633,,8/29/2002,,"$1,912.15 ","$2,185.65 "
40909,Legacy Project for Political Empowerment,Political Committee,Minneapolis,MN,55408,,8/26/2003,10/28/2008,"$3,375.56 ",
30242,Leonard Street and Deinard PAC,Political Fund,Minneapolis,MN,55402,,2/11/1990,,"$2,014.09 ","$5,153.21 "
40105,Lindquist & Vennum Political Fund,Political Committee,Minneapolis,MN,55402,,6/4/1979,,"$9,988.21 ","$18,414.54 "
41010,LISA PAC Minn,Political Committee,Orlando,FL,32803,,10/31/2008 15:32,6/22/2010,,
40401,Local 1833 Political Fund IAMAW,Political Committee,New Port,MN,55055-0069,,1/21/1976,9/24/2012,"$2,396.52 ",$0.00 
30064,Local 28 Political Fund,Political Fund,St Paul,MN,55102,,10/15/1974,,"$12,144.47 ","$7,884.89 "
30620,Local 548 PAC,Political Fund,St Paul,MN,55130,,9/19/2008,,,$779.43 
30022,Local 59 Political Fund,Political Fund,Minneapolis,MN,55413,,1/1/1990,,"$9,263.55 ","$61,674.47 "
30652,Local 68 Political Action Fund,Political Fund,St Paul,MN,55130,,9/19/2012 13:55,,,$825.00 
40820,Local 851 Political Action Committee,Political Fund,Anoka,MN,55303,,6/14/1999,11/16/2011,"$3,995.60 ",
40837,Local Action Political Action Committee,Political Committee,West St Paul,MN,55118,,8/17/2000,,$270.93 ,$436.25 
30024,Local S-6 IAFF Political Fund,Political Fund,St Paul,MN,55111,,7/25/1974,,"$1,075.05 ",$658.05 
30230,Lockridge Grindal Nauen PLLP State Pol Fnd,Political Fund,Minneapolis,MN,55401,,1/1/1990,,$857.89 ,"$2,086.97 "
40930,Log Cabin Republicans of Minnesota,Political Committee,Minneapolis,MN,55401,mnlogcabin.org,7/27/2004,,$117.37 ,$728.50 
40882,Lommen Nelson Political Action Committee,Political Committee,Minneapolis,MN,55402,,8/12/2002,,$0.00 ,$51.00 
30327,Lower Sioux Political Education Fund,Political Fund,Morton,MN,56270,,8/31/1990,,$801.36 ,$800.12 
70010,MABC PAC,Political Committee,Eden Prairie,MN,55344,,11/21/1986,,$235.40 ,$405.89 
40978,MADC Political Fund (fka MN Assn of Deaf Citizens Inc),Political Fund,St Paul,MN,55116,,1/29/2007,12/31/2010,$0.00 ,
30293,MAFMIC Political Action Committee,Political Fund,St Joseph,MN,56374,,7/22/1988,,"$4,325.81 ","$5,009.39 "
30348,Mah Mah Wi No Min Fund I,Political Fund,Minneapolis,MN,55401,,11/2/1992,,"$7,837.66 ","$12,824.96 "
40713,MAIDA (Minn Asian-Indian Democratic Assoc),Political Committee,West St Paul,MN,55118,,7/15/1994,,"$1,087.40 ","$1,675.40 "
80015,MAMBI PAC,Political Fund,Edina,MN,55424,www.themma.org,7/8/2004,,"$6,573.32 ","$1,217.44 "
30260,Management Concerned for Public Education,Political Fund,St Paul,MN,55108,,12/4/1978,,"$3,694.81 ","$3,528.81 "
30270,MAPE-PAC,Political Committee,Shoreview,MN,55126,,12/30/1985,,"$8,773.68 ","$40,082.86 "
40988,Maplewood Voters,Political Committee,Maplewood,MN,55109,,11/13/2007,,$0.00 ,$85.00 
40983,Maplewood Voters Coalition,Political Committee,Maplewood,MN,55109,,4/27/2007,12/31/2010,$0.00 ,
30342,Maslon Edelman Borman & Brand Pol Action Comm,Political Fund,Minneapolis,MN,55402,,7/7/1992,,"$4,518.07 ","$1,168.07 "
30190,MCCL State Pac,Political Fund,Minneapolis,MN,55409,,7/26/1982,,"$5,989.87 ","$19,346.43 "
80011,MCEA Political Action Committee,Political Fund,Apple Valley,MN,55124,,11/30/2001,,"$2,950.31 ","$3,106.46 "
40620,"McGrann,Shea,Franzen,Carnival,Straughn & Lamb",Political Committee,,,,,10/18/1990,12/31/1996,,
30612,Meagher & Geer PLLP Political Fund,Political Fund,Minneapolis,MN,55402-3788,,9/6/2006,,"$6,500.00 ","$6,783.76 "
40977,Medical Transportation PAC,Political Committee,Thief River Falls,MN,56701,,1/16/2007,8/25/2008,$0.00 ,
40036,MEDPAC Minn Medical Political Action Comm,Political Committee,Minneapolis,MN,55413,,7/5/1974,,"$14,244.50 ","$19,357.81 "
40786,Messerli & Kramer Political Action Comm,Political Committee,St Paul,MN,55104,,6/4/1998,,$503.91 ,"$2,185.46 "
40906,MetroNorth Chamber of Commerce PAC,Political Committee,Blaine,MN,55434,,4/2/2003,,"$4,394.35 ",$453.24 
41091,MGFA Political Committee,Political Committee,Eagan,MN,55122,www.mgfa.org,9/26/2012 16:28,,,$200.00 
80019,MHHP - PAF,Political Fund,Minneapolis,MN,55401,,9/7/2005,12/31/2007,"$3,681.72 ",
41077,Michele PAC Minnesota,Political Committee,Woodbury,WI,55125,,5/16/2012 15:15,,,"$6,896.19 "
41017,Midcontinent Communications MN PAC,Political Committee,Edina,MN,55435,,7/7/2009 13:46,,,"$3,525.29 "
40945,MIDLAC,Political Committee,Minneapolis,MN,55406,,10/11/2005,,$68.00 ,$25.04 
40950,Midwest Values PAC - MN,Political Committee,Minneapolis,MN,55458,,2/1/2006,2/1/2007,"$4,675.00 ",
70046,MIFSC PAC (MN Insurance & Financial Services Council),Political Committee,Minneapolis,MN,55401-2515,,8/10/2009,,,"$1,306.50 "
40953,Milk Producers PAC,Political Committee,St Paul,MN,55101,,4/18/2006,,"$1,942.43 ","$3,864.17 "
30615,Millwrights Local 1348 PAC,Political Fund,Virginia,MN,55792,,11/13/2006,,$0.00 ,$829.32 
40914,Mining Industry Leadership Fund,Political Committee,Duluth,MN,55802,,1/8/2004,,"$11,031.00 ","$1,231.00 "
70009,Minn ACORN Political Action Committee,Political Committee,St Paul,MN,55114,,7/29/1997,7/6/2010,$46.67 ,
30025,Minn AFL-CIO,Political Fund,St Paul,MN,55103,,7/24/1974,,"$10,153.22 ","$4,567.55 "
40201,Minn AGPAC,Political Committee,St Paul,MN,55102-1130,,8/12/1980,,"$2,739.62 ","$2,803.17 "
41043,Minn Ambulatory Surgery Center Assn,Political Committee,St Paul,MN,55103-2044,,8/13/2010 15:39,,,"$1,178.20 "
40192,Minn Architects Political Action Comm,Political Committee,Minneapolis,MN,55105,,6/27/1980,,"$10,206.93 ","$1,797.42 "
80026,Minn Assoc of Professional Employees Political Fund,Political Fund,Shoreview,MN,55126,,3/24/2010 16:00,,,"$26,013.66 "
40751,Minn Bank State PAC,Political Committee,St Paul,MN,55103,,5/28/1996 10:20,,"$8,099.93 ","$7,419.26 "
70004,Minn Business Partnership PAC,Political Committee,Minneapolis,MN,55402,,7/27/1992,,"$16,212.83 ","$34,428.95 "
30127,Minn Cable Comm Assoc - PAC,Political Fund,St Paul,MN,55104,,11/18/1976,,"$1,030.12 ",$831.17 
30553,Minn CAP-PAC,Political Fund,Champlin,MN,55316,,2/12/1996 8:22,,"$2,562.68 ","$2,902.56 "
70001,Minn Chamber of Commerce Leadership Fd,Political Committee,St Paul,MN,55101,,1/14/1983,,"$3,612.32 ","$1,363.33 "
30111,Minn Chiropractic Political Action Comm,Political Fund,Bloomington,MN,55431,,5/11/1976,,"$1,795.26 ","$21,084.64 "
70005,Minn CPAs Public Affairs Committee,Political Committee,Bloomington,MN,55431,,1/1/1990,,"$42,870.29 ","$149,392.45 "
30018,Minn Dental Political Action Committee,Political Fund,Minneapolis,MN,55408-1802,,7/7/1974,,"$47,466.19 ","$19,453.12 "
40839,Minn Electrical Assn PAC,Political Committee,Minneapolis,MN,55408,,8/31/2000,,"$1,032.34 ","$2,518.34 "
70040,Minn Electrical Industry Pol Action Comm,Political Committee,St Paul,MN,55114,,6/21/2006,,$91.00 ,"$4,163.76 "
70054,Minn Emergency Physicians Action Committee,Political Committee,Faribault,MN,55021,,2/1/2012 15:25,,,"$10,030.17 "
80001,Minn Eye PAC,Political Fund,Lake Elmo,MN,55042,,10/28/1985,,"$13,257.94 ","$7,169.93 "
70038,Minn Farm Bureau PAC,Political Committee,St Paul,MN,55121,,12/16/2005,,$979.46 ,"$6,811.59 "
40561,Minn Farm Credit Services PAC,Political Committee,St Paul,MN,55103,,8/21/1989,,$232.33 ,"$4,010.34 "
40543,Minn Farmers Union PAC,Political Committee,St Paul,MN,55113-0007,,11/14/1988,,"$7,787.76 ","$11,475.72 "
70043,Minn Funeral Services PAC,Political Committee,Maple Grove,MN,55311,,8/30/1974,,"$7,176.20 ","$4,988.26 "
70053,Minn Green Industry Political Action Committee,Political Committee,New Germany,MN,55367,,6/13/2011 11:01,,,"$3,609.00 "
40714,Minn Hospital PAC,Political Committee,Minneapolis,MN,55414,,7/15/1994,,"$19,700.89 ","$12,676.46 "
30277,Minn Independent Insurance Agents PAC,Political Fund,Eden Prairie,MN,55344-3758,,6/23/1986,,"$4,345.00 ","$1,634.90 "
40666,Minn Manufactured Home PAC,Political Committee,W St Paul,MN,55118-3481,,12/7/1977,,"$4,701.67 ","$2,651.03 "
40824,Minn New Democrat Political Action Comm,Political Committee,St Paul,MN,55104,,8/25/1999,7/27/2009,"$1,030.10 ",
70021,Minn NOW PAC,Political Committee,St Paul,MN,55103,www.mnnow.org/pac.htm,8/31/1982,,"$1,164.26 ",$456.81 
30245,Minn Nurses Assn Pol Comm (MNA-PC),Political Fund,St Paul,MN,55102,,1/1/1990,,"$1,177.00 ",$545.25 
41019,Minn Open Progressives Political Committee,Political Committee,Brooklyn Center,MN,55429,,8/3/2009 13:15,9/20/2010,,
30089,Minn Operators of Music and Amusement PF,Political Fund,Minneapolis,MN,55410,,11/19/1974,6/27/2007,$293.15 ,
41090,Minn Organization of Republican Veterans (MORVets),Political Committee,Becker,MN,55308,www.morvets.org,9/19/2012 15:14,,,"$2,802.54 "
80003,Minn PACE,Political Fund,St Paul,MN,55104,naswmn.org,10/29/1990,,"$2,644.02 ",$257.47 
40562,Minn Physical Therapy PAC,Political Committee,St Paul,MN,55114,,5/5/1982,,"$8,637.52 ","$1,833.76 "
30599,Minn Pipe Trades Assn PAC Fund,Political Fund,Duluth,MN,55811,www.mnpipetrades.com,1/5/2006,,$406.93 ,"$1,132.12 "
30135,Minn Podiatry PAC,Political Fund,Roseville,MN,55113-1883,,6/19/1978,7/12/2012,"$1,506.26 ",$42.86 
30288,Minn Police & Peace Officers Assoc Leg Fund,Political Fund,St Paul,MN,55130-4039,,1/8/1978,,"$35,234.46 ","$63,836.44 "
40789,Minn Power PAC,Political Committee,Duluth,MN,55812,,7/8/1998,,"$19,684.90 ","$26,447.98 "
70044,Minn PRO PAC,Political Committee,Princeton,MN,55371,,11/29/2006,,$79.05 ,"$17,010.62 "
30098,Minn Professional Fire Fighters PAC,Political Fund,St Louis Park,MN,55426-1338,,8/19/1974,,"$1,123.69 ","$16,421.84 "
70006,Minn Realtors Political Action Committee,Political Committee,Edina,MN,55436,www.mnrealtor.com,10/8/1974,,"$253,503.69 ","$285,252.74 "
30591,Minn Seasonal Recreational Property Owners PAC,Political Fund,Mendota,MN,55150,,12/16/2004,,"$3,829.37 ","$3,291.42 "
70030,Minn Service Cooperatives PAC,Political Committee,St Cloud,MN,56301,,12/2/2003,,$117.19 ,$486.03 
40123,Minn Service Station Assoc,Political Committee,Little Canada,MN,55117,,4/28/1978,,"$4,806.75 ","$5,703.12 "
41060,Minn Solutions,Political Committee,Bloomington,MN,55438,,7/27/2011 14:17,,,$991.55 
70022,Minn Soybean PAC,Political Committee,Mankato,MN,56001,,9/29/2000,,"$3,196.39 ",$938.56 
30060,Minn State Council of UNITE HERE Unions,Political Fund,Minneapolis,MN,55414,,10/8/1974,,"$4,254.55 ",$254.55 
30115,Minn State MNPL,Political Fund,Vadnais Heights,MN,55127,,9/7/1976,,"$4,037.66 ",$749.51 
30002,Minn State Patrol Troopers Assoc,Political Fund,Brooklyn Park,MN,55445,,2/10/1977,,"$16,191.34 ","$6,519.98 "
40919,Minn Thoroughbred Assn PAC Fund,Political Committee,Shakopee,MN,55379,,2/24/2004,,"$3,065.00 ","$3,800.00 "
40756,Minn TruckPAC (fka Minn Trucking Assn State PAC),Political Committee,Roseville,MN,55113,,7/15/1996,,"$1,391.24 ",$236.51 
40494,Minn Wheat Political Action Committee,Political Committee,Red Lake Falls,MN,56750,,12/7/1987,,"$14,076.08 ","$2,135.02 "
40041,Minn Women's Political Caucus/PAC,Political Committee,St Paul,MN,55103,,1/1/1990,,$368.23 ,$81.21 
41072,Minn Young DFL,Political Committee,St Paul,MN,55107,www.minnesotayoungdfl.org,1/3/2012 12:24,,,$323.20 
30012,Minneapolis Bldg & Construct Trades Council,Political Fund,Minneapolis,MN,55414,,7/16/1974,,($1.70),"$1,259.65 "
41084,Minneapolis Democrats for Truth,Political Committee,Minneapolis,MN,55404,,8/7/2012 9:48,10/30/2012,,$18.74 
70017,Minneapolis Downtown Council PAC,Political Committee,Minneapolis,MN,55402,,1/29/1999,,"$9,192.98 ","$6,643.00 "
40254,Minneapolis Fire Department Pensioners PCF,Political Committee,Minneapolis,MN,55413-1830,,1/29/1982,12/31/2011,"$3,190.20 ",
30031,Minneapolis Firefighters Fraternal Assn (fka Relief Assn Pol Fund),Political Fund,Fridley,MN,55432,,8/19/1974,,"$5,437.65 ",$576.13 
30007,Minneapolis Municipal Retirement Assoc,Political Fund,Minneapolis,MN,55414-1053,,11/30/1978,,$92.60 ,$999.01 
80029,Minneapolis Police Fraternal Association,Political Fund,St Paul,MN,55101,,12/23/2011 13:59,,,"$10,191.85 "
30128,Minneapolis Police Relief Assoc,Political Fund,Minneapolis,MN,55413,,5/9/1977,12/31/2011,"$18,653.67 ",
70045,Minneapolis Regional Chamber of Commerce PAC,Political Committee,Minneapolis,MN,55402-3223,,6/7/2007,12/20/2010,$0.00 ,
30011,Minneapolis Regional Labor Federation,Political Fund,Minneapolis,MN,55414,,7/3/1974,,"$7,995.88 ","$22,779.52 "
30123,Minneapolis Retired Police Assoc Political Fund,Political Fund,Minneapolis,MN,55403,,9/7/1976,6/19/2012,"$2,361.17 ",$0.00 
30632,Minnesota - America Votes,Independent Expenditure,Washington,DC,20036,,9/20/2010 11:30,,,$0.00 
41051,Minnesota Future LLC,Independent Expenditure,St Paul,MN,55128,,10/21/2010 8:16,1/31/2011,,
30650,Minnesota Momentum,Independent Expenditure,Eden Prairie,MN,55344,www.minnesotamomentum.com,8/14/2012 13:56,,,$0.00 
41087,Minnesota PAC,Political Committee,St Paul,MN,55011,www.minnesotapac.com,9/7/2012 15:15,,,"$3,817.77 "
40995,Minnesotans for Limited Government,Political Committee,St Paul,MN,55119,,4/7/2008,,,$236.16 
40875,Minnesotans for Lower Taxes,Political Committee,St Paul,MN,55104,,2/25/2002,12/31/2012,"$2,062.10 ",$8.10 
41034,Minnesotans for Personal Choice & Competition in Health Care,Independent Expenditure,St Paul,MN,55106,myminesotahealthcare.com,6/18/2010 15:12,12/31/2011,,
70051,Minnesotans for Racino PAC,Political Committee,Mound,MN,55364,,6/21/2010 12:21,6/15/2012,,$29.46 
40989,Minnesota's Future,Independent Expenditure,St Paul,MN,55101,,11/27/2007,,$0.00 ,"$13,036.55 "
80017,MMGMA PAC,Political Fund,Minneapolis,MN,55401,,12/15/2004,,"$1,153.96 ",$606.96 
70016,MN Corn State PAC (fka MN Corn),Political Committee,Shakopee,MN,55379,,1/14/1999,,"$8,868.50 ","$8,374.00 "
41035,MN FORWARD,Independent Expenditure,Minneapolis,MN,55402,,6/29/2010 16:09,,,"$114,129.87 "
70050,MN HomeCare PAC,Political Committee,St Paul,MN,55113,,5/27/2010 15:06,,,"$5,758.33 "
30195,MN Retailers IMPACT (fka Mn Retail Pol Advocacy Fd),Political Fund,St Paul,MN,55101,,6/24/1976,,"$5,982.72 ","$12,181.72 "
30608,MN State Bldg & Construction Trades Cncl Pol Fund,Political Fund,St Paul,MN,55102,,7/24/2006,,$100.00 ,"$2,795.67 "
80010,MN Utility Investors Pol Action Fund,Political Fund,St Paul,MN,55101,,8/1/2001,,"$3,090.00 ","$3,345.00 "
40940,MOHPA PAC,Political Committee,St Paul,MN,55114,,7/28/2005,,"$20,530.23 ","$3,132.34 "
40907,Motorcycle PAC of Minn,Political Committee,Chanhassen,MN,55317,,5/2/2003,,"$5,499.68 ","$13,434.16 "
41040,MPA Political Action Committee,Political Committee,Minneapolis,MN,55416,www.psych.org,7/26/2010 15:57,,,$615.88 
80022,MPS PAC,Political Fund,St Paul,MN,55110,mnpsychsoc.org/pac.html,7/25/2003,,"$8,633.15 ","$4,814.94 "
80002,MSA-PAC,Political Fund,Minneapolis,MN,55401,,9/21/1988,,"$3,941.47 ",$692.25 
30324,MSCA-PAC,Political Fund,St Paul,MN,55101,,8/21/1990,,"$2,605.26 ","$3,075.26 "
30108,MTA PAC (fka SITCO PAC),Political Fund,Roseville,MN,55113,,8/3/1976,,"$19,253.10 ","$43,001.25 "
80007,MUCA PAC (Minn Utility Contractors Assn),Political Fund,Woodbury,MN,55125,,2/18/2000,12/29/2011,"$3,930.32 ",
30124,Multi Housing Political Action Committee,Political Fund,Bloomington,MN,55431,,9/13/1976,,"$45,777.20 ","$56,790.92 "
80006,MWL Voter Outreach Political Fund,Political Fund,Minneapolis,MN,55402,,10/8/1998,12/31/2010,"$4,698.18 ",
30557,NAIOP Economic Growth Fund,Political Fund,Minneapolis,MN,55416,,8/13/1998,,"$3,472.98 ","$4,646.11 "
30552,NARAL Pro-Choice Minn Election Fund,Political Fund,St Paul,MN,55114,www.ProChoiceMinnesota.org,11/22/1995 13:38,,"$7,207.03 ",$531.03 
30638,NARAL Pro-Choice Minnesota,Independent Expenditure,St Paul,MN,55114,www.ProChoiceMinnesota.org,10/21/2010 9:11,,,$259.37 
30656,National Assn of Realtors Fund,Independent Expenditure,Chicago,IL,60611,,10/30/2012 13:00,,,$0.00 
41080,New Americans,Political Committee,Minneapolis,MN,55454,newamericanspac.org,7/13/2012 13:47,,,$383.83 
30659,Next Minnesota Inc,Political Fund,Plymouth,MN,55447,www.nextminnesota.org,11/8/2012 16:37,,,$28.53 
40741,NFIB/MN Save Americas Free Enterprise Trust,Political Committee,Washington,DC,20004,,8/16/1996 10:05,,"$1,665.14 ",
30561,North Central States Carpenters PAC,Political Fund,St Paul,MN,55130,,5/3/2000,,"$8,435.08 ","$31,037.32 "
41081,North Star Project,Political Committee,Alexandria,MN,56308,www.mnnorthstarproject.com,7/24/2012 14:23,,,$204.51 
41023,North Star SFAA-PAC,Political Committee,Edina,MN,55742,,1/14/2010 9:31,,,"$54,633.80 "
40994,Northeast ALC PAC,Political Fund,Duluth,MN,55812,www.nealc.org,2/5/2008,,,"$38,893.96 "
40069,Northwest Petroleum NPPAC,Political Committee,St Paul,MN,55126-3047,,4/4/1977,,"$12,062.97 ","$30,299.02 "
70035,NRA Political Victory Fund,Political Committee,Fairfax,VA,22030,,5/15/1990,,"$2,591.01 ","$2,571.52 "
40894,Ottertail Power PAC,Political Committee,Fergus Falls,MN,56538-0944,,9/20/2002,,"$4,164.87 ","$4,080.47 "
70033,OutFront Minnesota Action,Political Committee,Minneapolis,MN,55409-1337,www.outfrontaction.org,8/30/2004,,"$3,671.00 ",$742.22 
30633,OutFront MN Action Independent Expenditure Fund,Independent Expenditure,Minneapolis,MN,55409-1337,,9/23/2010 9:56,,,$0.00 
40507,Painters Union Local No 61 Political Action,Political Fund,Little Canada,MN,55117,,3/31/1987,,"$11,919.22 ","$19,617.22 "
40246,PAL 9 Natl Assoc of Letter Carriers,Political Committee,Coon Rapids,MN,55448-2316,,3/19/1976,,"$11,317.66 ","$8,109.98 "
40276,Paper Allied-Ind Chem & Energy Workers Intl Union,Political Committee,St. Paul,MN,55106,,9/8/1977,3/22/2007,"$4,734.25 ",
41036,Pass the Minnesota Health Plan,Political Committee,Minneapolis,MN,55408,www.passmhp.org,7/2/2010 15:19,,,$735.80 
41011,Patriot PAC,Political Committee,St Paul,MN,55102,www.uspatriotpac.com,1/2/2009 14:23,,,$892.77 
70049,PCI Minnesota Political Action Committee,Political Committee,Chicago,IL,60631-3512,,5/14/2010 16:08,,,$293.59 
30268,People in Construction Political Action Comm,Political Fund,Apple Valley,MN,55124,,12/13/1985,,$868.60 ,"$14,278.13 "
40980,People United For Freedom,Political Committee,Eagan,MN,55121,,3/1/2007,12/31/2010,$0.00 ,
40016,PharmPAC,Political Committee,St Paul,MN,55114,,7/9/1974,,"$9,745.92 ","$1,969.09 "
30610,Pile Drivers PAC Fund,Political Fund,St Paul,MN,55130,,8/4/2006,,$326.05 ,"$1,885.32 "
40821,Pine Bend PAC,Political Committee,Burnsville,MN,55337,,7/29/1999,,"$17,671.28 ","$13,159.82 "
30239,Pipe Fitters Local 539,Political Fund,Minneapolis,MN,55414,,5/23/1984,,"$1,708.35 ","$8,507.24 "
30628,"Planned Parenthood Minnesota, North Dakota, South Dakota Action Fund",Independent Expenditure,St Paul,MN,55114,plannedparenthoodadvocate.com,8/5/2010 8:24,,,$0.00 
80012,Planned Parenthood of Minn Pol Action Fund,Political Fund,St Paul,MN,55114,,7/16/2002,,"$3,458.19 ","$10,552.25 "
30571,Plumbers & Pipefitters Local #589 Pol Action Comm,Political Fund,Virginia,MN,55792-3496,,11/20/2001,,"$4,475.96 ",$966.72 
30577,Plumbers & Steamfitters Local 11 PAC Fund,Political Fund,Duluth,MN,55811,,8/29/2002,,"$2,192.86 ","$1,655.68 "
30033,Plumbers Local Union #15 COPE Account,Political Fund,Minneapolis,MN,55404,,9/5/1974,,$730.54 ,$136.54 
30574,Police Officers Alliance of MN Pol Action Fund,Political Fund,Minneapolis,MN,55418,,4/4/2002,,"$6,884.31 ","$4,444.57 "
30085,Police Officers Fed of Mpls Contingency Fund,Political Fund,Minneapolis,MN,55418,mpdfederation.com,10/31/1974,,"$26,255.32 ","$4,339.13 "
30555,Prairie Island Indian Community PAC,Political Fund,Welch,MN,55089,,10/30/1996 8:42,,"$8,462.29 ","$2,875.29 "
30176,Principals Action League,Political Fund,St Paul,MN,55108-2131,,6/23/1981,,"$2,195.76 ","$2,952.12 "
80014,Printing Industries Political Action Committee,Political Fund,Roseville,MN,55113,,6/1/2004,,"$1,489.95 ",$385.68 
40971,Private Citizens for Hutchinson,Political Committee,Minnetonka,MN,55343,,11/16/2006,12/31/2006,$0.00 ,
41047,Pro Jobs Majority,Independent Expenditure,St Paul,MN,55101,,9/23/2010 8:48,,,"$14,676.50 "
40927,Progressive Action Duluth,Political Committee,Duluth,MN,55803,,4/16/2004,12/31/2010,$564.36 ,
41092,Progressive Kick IE,Independent Expenditure,Oakland,CA,94612,www.progressivekick.org,9/27/2012 12:39,,,"$46,481.31 "
40981,Progressive Majority Minnesota,Political Committee,Washington,DC,20006,,4/10/2007,,$0.00 ,$43.42 
40975,PROGRESSPPAC,Political Committee,St Paul,MN,55106-0012,,12/29/2006,,$100.00 ,"$2,234.96 "
80027,Project 515 PAC,Political Fund,Minneapolis,MN,55414,,7/23/2010 16:26,,,$824.84 
40275,Public Emp Pension Serv Assn (PEPSA) Pol Fund,Political Fund,Inver Grove Heights,MN,55076,pepsa.org,9/13/1974,,"$6,321.48 ","$1,558.05 "
30654,Public Safety Matters Campaign,Independent Expenditure,St Paul,MN,55130,,10/1/2012 11:03,,,"$1,231.22 "
40933,Putting Minnesota First,Independent Expenditure,St Paul,MN,55114,,9/27/2004,,"$3,623.00 ","$10,164.00 "
40990,Real Republican Majority-Minn,Political Committee,Wayzata,MN,55391-0717,,12/3/2007,12/31/2009,$0.00 ,
70025,Red Wing Area Business Leadership Council,Political Committee,Red Wing,MN,55066,,7/11/2002,11/22/2005,,
41012,Republican Liberty Caucus of Minn,Political Committee,St Paul,MN,55114,rlcmn.org,4/16/2009 9:15,,,$453.58 
41013,Republican Metropolitan Committee,Political Committee,Minneapolis,MN,55402,,4/27/2009 8:38,,,$790.91 
41032,Resource Party,Political Committee,Hopkins,MN,55305-4419,,6/9/2010 10:33,5/7/2012,,$0.00 
30151,Retired Peoples Political Action Fund,Political Fund,Excelsior,MN,55331,info@mrsea.org,1/10/1980,,"$15,938.00 ","$4,021.81 "
30568,Rice Michels & Walther LLP Political Fund,Political Fund,Minneapolis,MN,55413,,7/24/2001,,$750.32 ,$241.38 
30258,RKM&C Fund,Political Fund,Minneapolis,MN,55402-2015,,3/3/1978,,"$4,088.20 ","$11,936.02 "
40098,Road PAC of Minn,Political Committee,Apple Valley,MN,55124,,8/4/1976,,$197.73 ,"$11,257.92 "
30032,Robbinsdale Federation of Teachers COPE Fund,Political Fund,Crystal,MN,55427,,9/9/1974,,"$1,039.79 ",$986.00 
40979,Rochester Citizens Coalition,Political Committee,Rochester,MN,55902,,3/2/2007,12/31/2012,"$3,632.78 ",$0.00 
40238,Rural Electric Political Action Comm,Political Committee,Maple Grove,MN,55369,,6/17/1981,,"$7,925.12 ","$6,273.92 "
40872,Rural Minn Preservation,Political Committee,St Paul,MN,55106-1119,,1/29/2002,,"$4,160.10 ",$379.35 
41041,RYPAC,Political Committee,Minneapolis,MN,55424,,8/3/2010 14:07,10/25/2010,,
41097,RYPAC,Political Committee,Minneapolis,MN,55424,,12/17/2012 10:12,,,"$2,300.00 "
30192,Saint Paul Teachers Pension PAC,Political Fund,St Paul,MN,55104,,6/4/1979,,$136.05 ,"$4,777.00 "
30341,School Lunch Bunch,Political Fund,Brooklyn Park,MN,55445,,1/14/1992,,"$2,478.76 ","$2,039.00 "
40984,SD 19 DFL Food Booth,Political Committee,Howard Lake,MN,55349,,6/28/2007,12/30/2009,$0.00 ,
70042,Secretary of State Project - Minnesota,Political Committee,San Francisco,CA,94110,,11/1/2006,10/24/2008,$0.00 ,
30579,SEH Employees Minn Committee,Political Fund,White Bear Twnp,MN,55110,,1/21/2003,,$320.86 ,"$2,410.37 "
30093,SEIU Healthcare Minn (fka SEIU Local 113),Political Fund,St Paul,MN,55102,,1/1/1990,,"$8,950.56 ","$3,712.16 "
30602,SEIU Local 26 Political Fund,Political Fund,Minneapolis,MN,55414,,4/5/2006,,"$1,857.77 ","$18,190.07 "
30037,SEIU Minn State Council Political Fund,Political Fund,St Paul,MN,55114,,9/5/1974,,"$13,995.89 ","$75,812.52 "
40967,Senate District 30 Fund,Political Committee,Rochester,MN,55902,,9/22/2006,12/31/2009,$450.22 ,
70032,Sensible Gun Laws,Political Committee,Minneapolis,MN,55408,,8/11/2004,,$432.54 ,$0.00 
30607,Service Employees Local 63,Political Fund,Minneapolis,MN,55413,,7/7/2006,12/31/2011,$0.00 ,$0.00 
40550,Shakopee Mdewakanton Sioux,Political Committee,Prior Lake,MN,55372,,2/23/1989,,"$113,803.75 ","$17,642.74 "
30588,Sheet Metal Workers PAC 10,Political Fund,Maplewood,MN,55109,,9/14/2004,,"$5,593.11 ","$2,276.44 "
80020,Sierra Club Political Committee,Political Fund,Minneapolis,MN,55406,,7/2/1982,,"$2,687.86 ","$2,095.44 "
41085,Small Business Minnesota Political Action Committee,Political Committee,Long Lake,MN,55356,,8/16/2012 15:06,,,$434.85 
70052,SMART PAC,Political Committee,St Paul,MN,55117,,9/27/2010 15:42,,,"$8,751.00 "
30560,So Dakota Cty Labor Council COPE Fund,Political Fund,Apple Valley,MN,55124,,4/7/1999,8/26/2008,"$1,171.24 ",
30120,SOF-PAC,Political Fund,Eagan,MN,55122,,8/4/1976,,"$1,161.01 ","$1,700.36 "
30637,Somali Action Alliance Political Fund,Independent Expenditure,Minneapolis,MN,55406,,10/20/2010 14:16,7/11/2012,,$0.00 
30221,Southern Minn Beet Sugar Cooperative PAC,Political Fund,Renville,MN,56284,,3/28/1983,,"$9,404.60 ","$5,659.60 "
41038,Southern Minnesota Conservative Alliance,Political Committee,Plainview,MN,55964,,7/13/2010 8:28,12/31/2011,,
41078,Spec Corp for Ethics and Justice in America,Independent Expenditure,Woodbury,MN,55125,ethicsjusticeamerica.wordpress.com,6/29/2012 15:09,10/19/2012,,$14.60 
40958,Sportsmen for Change,Political Committee,Bloomington,MN,55431,,6/30/2006,7/13/2010,$759.98 ,
30234,Sprinkler Fitters Local Union No 417,Political Fund,Minneapolis,MN,55413,,4/9/1984,,"$5,892.69 ","$1,064.03 "
30255,St Croix Valley Central Labor Union,Political Fund,St Paul,MN,55102,,11/14/1984,12/31/2007,"$2,758.49 ",
30556,St Paul Area Chamber of Commerce PAC,Political Fund,St Paul,MN,55101,,8/13/1997,,"$2,010.87 ","$7,702.84 "
30154,St Paul Firefighters Local 21 Political Action Committee,Political Fund,St Paul,MN,55102,,3/25/1980,,"$11,433.49 ","$30,237.82 "
30325,St Paul Pipefitters Local 455 PAC,Political Fund,St Paul,MN,55114,,8/21/1990,,"$3,446.41 ","$17,364.75 "
30603,St Paul Police Federation Political Awareness Fund,Political Fund,St Paul,MN,55130-4039,spfpaf.com,4/13/2006,,"$4,821.01 ","$89,077.69 "
40790,St Paul Regional Labor Federation AFL-CIO (fka St Pl Trds & Lbr Asmbly PAC),Political Fund,St Paul,MN,55102,,7/8/1998,,"$26,715.67 ","$47,674.73 "
41049,State Fund for Economic Growth LLC,Independent Expenditure,Wayzata,MN,55391,,8/16/2010,,,$50.00 
40634,Stonewall DFL (The),Political Committee,St Paul,MN,55107-1623,www.stonewalldfl.org,2/4/1991,,"$2,618.00 ","$1,692.52 "
41055,Stop Zebra Mussel Association,Political Committee,Spicer,MN,56288,None,2/28/2011 12:27,5/1/2012,,$0.50 
30550,Suburban School Emp Local 284 Pol Act Fund,Political Fund,South St Paul,MN,55075,,10/31/1994 15:14,,$734.13 ,"$21,205.99 "
70026,Take Action PAC,Political Committee,St Paul,MN,55114,,8/6/2002,,"$9,973.01 ","$21,354.00 "
30636,TakeAction Political Fund,Independent Expenditure,St Paul,MN,55114,,10/14/2010 16:10,,,$73.41 
40794,Taxpayers League MN Victory Fund,Political Committee,St Paul,MN,55104,,8/13/1998,,$594.85 ,$717.85 
30622,TCO Political Action Committee,Political Fund,St Louis Park,MN,55426,,12/5/2008,,,$50.00 
80023,Teamsters Local 120 DRIVE,Political Fund,Blaine,MN,55434,,12/4/2006,,$0.00 ,"$5,618.70 "
30641,TEMPO Political Fund,Political Fund,Minneapolis,MN,55419,,8/17/2011 13:28,,,$133.06 
40987,Tenth Judicial District Evaluation Committee,Political Committee,Woodbury,MN,55125,,10/31/2007,,$0.00 ,$281.95 
30225,TRIAL-PAC,Political Fund,Minneapolis,MN,55402,,10/25/1979,,"$3,065.26 ","$10,597.59 "
40963,TRUTH PAC,Political Committee,Minneapolis,MN,55419,,8/25/2006,12/31/2007,$1.11 ,
41048,Twin Cities Jewish Community PAC,Political Committee,Minnetonka,MN,55305,,9/27/2010 12:08,12/31/2012,,$14.90 
40810,Twin Cities Republican Assn,Political Committee,Victoria,MN,55386-9701,TwinCitiesRepublicans.com,10/23/1998,,"$1,586.30 ","$1,247.33 "
70013,TwinWest Chamber of Commerce PAC,Political Committee,Plymouth,MN,55441-8709,www.twinwestpac.com,8/8/1990,,$885.46 ,"$1,357.52 "
30083,U A Plumbers Local #34 Political Fund,Political Fund,St Paul,MN,55102-1069,,10/31/1974,,"$2,726.56 ","$11,854.62 "
40245,U of M Faculty Candidate Support Committee,Political Committee,Minneapolis,MN,55414,,11/20/1981,12/27/2009,$327.58 ,
30035,UAW Minn State CAP Council Political Fd,Political Fund,St Paul,MN,55114,,9/5/1974,,"$5,489.48 ","$19,580.24 "
41001,UFCW Active Ballot Club,Political Committee,Washington,DC,20006-1598,,6/30/2008,,,$0.00 
30649,Unidos Votamos - United We Vote,Political Fund,St Paul,MN,55165,,8/7/2012 9:42,,,"$4,784.49 "
30606,UNITE HERE TIP State and Local Fund-MN,Political Fund,New York,NY,10001,,6/30/2006,,"$1,248,643.79 ","$776,737.04 "
30174,United Food & Commerical Workers Council 6,Political Fund,Schaumburg,IL,60173-2412,,4/30/1981,,"$5,510.10 ","$21,752.48 "
40745,United Steelworkers District 11 Non-Federal Acct,Political Fund,Minneapolis,MN,55414,,2/26/1996 11:03,,"$1,400.00 ",$494.00 
40961,USW Local 264 PAC,Political Committee,St Paul,MN,55102-1032,,8/2/2006,,$382.57 ,$759.97 
30041,USW LU 1938 PAC,Political Fund,Virginia,MN,55792,,9/12/1974,7/30/2009,$636.22 ,
30019,UTU PAC-MN,Political Fund,St Paul,MN,55102,,8/19/1974,,"$2,831.07 ","$1,021.02 "
80005,VET-PAC of Minn,Political Fund,South St Paul,MN,55075,,11/7/1984,,"$19,163.60 ","$4,980.80 "
41021,VOICES of Conservative Women State PAC (VOICESPAC),Political Committee,Maple Grove,MN,55311,www.voicesofconservativewomen.org,11/30/2009 14:33,,,"$7,661.79 "
40761,Volunteer Fire Fighter Political Committee,Political Committee,Spring Lake Park,MN,55432,,9/5/1996 8:32,,"$1,598.30 ",$874.30 
30191,VOTE - 66,Political Fund,Duluth,MN,55802,,7/27/1982,,"$19,576.83 ","$27,457.67 "
41050,Vote Racino Now Committee,Independent Expenditure,Janesville,MN,56048,,10/12/2010 13:54,12/31/2010,,
40941,WAMP,Political Committee,Afton,MN,55001,,8/31/2005,10/26/2010,"$2,864.88 ",
40537,Waste Management PAC of Minn,Political Committee,Lakeville,MN,55044,,10/21/1988,,"$4,408.87 ","$3,531.67 "
41062,Whig Party of Minnesota,Political Committee,St Paul,MN,55109,mnwhigs.org,8/16/2011 15:29,,,$163.93 
40916,White Earth PAC,Political Committee,White Earth,MN,56591,,1/29/2004,,$786.50 ,"$6,252.93 "
30625,WIN Minnesota Political Action Fund,Independent Expenditure,St Paul,MN,55104,,12/16/2009 16:11,,,$8.01 
40913,Windingstad Political Action,Political Committee,Maple Lake,MN,55358,,12/29/2003,6/30/2009,"$4,274.35 ",
30345,Winthrop & Weinstine PA Political Fund,Political Fund,Minneapolis,MN,55402-4629,,6/16/1992,,$364.74 ,"$3,564.14 "
41089,Women's Victory Fund (Women PAC),Independent Expenditure,Maple Grove,MN,55311,www.womenpac.org,9/19/2012 14:44,,,"$1,543.40 "
40268,womenwinning State PAC,Political Committee,St Paul,MN,55114,,1/1/1990,,"$5,343.86 ","$16,527.49 "
30623,Working America Minn Political Committee,Independent Expenditure,Washington,DC,20006,workingamerica.org,9/2/2009 16:18,,,($500.00)
30618,Working Families Fund,Political Fund,Rochester,MN,55904,,12/17/2007,,$0.00 ,"$29,614.20 "
40877,Xcel Energy Employees PAC (fka Power PAC),Political Committee,Edina,MN,55436,,3/29/2002,,$383.11 ,"$4,082.45 "
40974,Young Progressive Majority MN,Political Committee,Savage,MN,55378,,12/13/2006,,$272.14 ,$882.89 
41082,ZacPAC,Political Committee,Robbinsdale,MN,55422,,8/3/2012 14:12,,,$974.20 
