ComID,Committee,ComShort,cat1,cat2,totspend,totspendout,IE,givingtot,topac,todem,torep,toballot,receivedtot,frompac,fromdem,fromrep,fromother
99999,2010/2012 Funds,2010/12 Funds,pac,ie,"$3,942,468.87 ",$0.00 ,$0.00 ,"$3,942,468.87 ","$3,942,468.87 ",,,,"$3,942,388.87 ","$2,647,770.00 ",,,"$1,294,618.87 "
40835,21st Century Democrats,21st Century Democrats,pac,prodfl,$0.00 ,$0.00 ,,,,,,,"$1,000.00 ","$1,000.00 ",,,
40936,21st Senate District Republican Party,,pac,prorpm,"$5,146.48 ","$5,146.48 ",,"$5,146.48 ",,,"$5,146.48 ",,"$5,400.00 ","$5,150.00 ",,,$250.00 
40986,5th Judicial District Republican Committee,,pac,prorpm,$252.00 ,$252.00 ,,$252.00 ,,,$252.00 ,,,,,,
40403,8th Congressional District COPE AFL-CIO,,pac,labor,$0.00 ,$0.00 ,,,,,,,"$3,150.00 ","$3,150.00 ",,,
41033,9th Judicial District Committee,,pac,,$938.48 ,$938.48 ,$15.84 ,$922.64 ,,,,,,,,,
41088,A Stronger Minnesota,A Stronger Minnesota,pac,ie,"$18,827.55 ","$18,827.55 ","$18,827.55 ",,,,,,"$24,950.00 ",,,"$7,000.00 ","$17,950.00 "
70047,ACEC/MN Political Action Committee,,pac,,"$74,918.11 ","$74,918.11 ",,"$74,918.11 ",,"$36,268.11 ","$38,650.00 ",,"$85,354.24 ",,,,"$85,354.24 "
30644,Action4Liberty,,pac,ie,$0.00 ,$0.00 ,,,,,,,"$24,984.00 ",,,,"$24,984.00 "
30088,AFL-CIO Southeast Central Labor Council,AFL-CIO SE Labor Council,pac,labor,"$10,460.96 ","$5,901.18 ","$4,401.18 ","$6,059.78 ","$4,559.78 ","$1,500.00 ",,,"$6,100.00 ","$4,300.00 ",,,"$1,800.00 "
30204,AFSCME,AFSCME,pac,labor,"$2,317,688.00 ","$739,420.00 ","$5,340.00 ","$2,312,348.00 ","$1,578,268.00 ","$734,080.00 ",,,,,,,
30596,AFSCME Local 1842 City of St Paul Technicians,,pac,labor,"$2,250.00 ","$2,250.00 ",,"$2,250.00 ",,"$2,250.00 ",,,"$5,500.00 ",,,,"$5,500.00 "
40752,AFSCME Local 2508 Political,,pac,labor,$500.00 ,$500.00 ,,$500.00 ,,$500.00 ,,,"$1,000.00 ",,,,"$1,000.00 "
30586,AFSCME Local 2822 Political Action,,pac,labor,"$2,000.00 ","$2,000.00 ",,"$2,000.00 ",,"$2,000.00 ",,,"$2,300.00 ",,,,"$2,300.00 "
30343,AFSCME Local 2938,,pac,labor,$400.00 ,$400.00 ,,$400.00 ,,$400.00 ,,,$700.00 ,,,,$700.00 
30572,AFSCME Local 306,,pac,labor,$0.00 ,$0.00 ,,,,,,,"$5,000.00 ",,,,"$5,000.00 "
40753,AFSCME Local 34 PEOPLE,,pac,labor,"$6,800.00 ","$6,800.00 ",,"$6,800.00 ",,"$6,800.00 ",,,"$5,420.00 ",,,,"$5,420.00 "
30243,AFSCME Local 8 People Fund,,pac,labor,"$1,900.00 ","$1,900.00 ",,"$1,900.00 ",,"$1,900.00 ",,,"$5,750.00 ",,,,"$5,750.00 "
30593,AFSCME Minn PEOPLE Committee Council 5 PAC,AFSCME Council 5,pac,labor,"$1,514,590.52 ","$1,011,901.23 ","$319,730.70 ","$1,194,859.82 ","$502,689.29 ","$683,720.53 ","$3,300.00 ","$5,150.00 ","$2,041,199.91 ","$1,223,268.00 ","$6,398.46 ",,"$811,533.45 "
70024,Aging Services of Minn (fka MHHA PAC),Aging Services MN,pac,,"$46,500.00 ","$46,500.00 ",,"$46,500.00 ",,"$22,900.00 ","$23,600.00 ",,"$42,548.00 ",,,,"$42,548.00 "
40086,Aitkin County DFL Club,Aitkin DFL Club,pac,prodfl,"$6,360.00 ","$6,360.00 ",,"$6,360.00 ",,"$6,360.00 ",,,"$2,450.00 ","$1,000.00 ","$1,000.00 ",,$450.00 
30306,Alarm PAC,,pac,,$500.00 ,$500.00 ,,$500.00 ,,,$500.00 ,,$110.00 ,,,,$110.00 
40944,Alliance for a Better Minnesota,,pac,prodfl,$0.00 ,$0.00 ,,,,,,,"$15,015.21 ","$10,000.00 ",,,"$5,015.21 "
80024,Alliance for a Better Minnesota Action Fund,Alliance Better MN,pac,ie,"$7,166,803.82 ","$7,162,563.82 ","$7,162,563.82 ","$4,240.00 ","$4,240.00 ",,,,"$9,882,936.46 ","$9,589,385.24 ",,,"$293,551.22 "
30074,Amalgamated Transit Union Local 1005,,pac,labor,"$41,933.12 ","$39,105.00 ",,"$41,933.12 ","$2,828.12 ","$38,805.00 ",,,"$35,350.00 ",,$250.00 ,,"$35,100.00 "
40954,America Votes - Minnesota,America Votes-MN,pac,prodfl,"$26,000.00 ",$0.00 ,,"$26,000.00 ","$26,000.00 ",,,,"$56,639.73 ","$41,639.73 ",,,"$15,000.00 "
41093,America Votes Action Fund - Minnesota,America Votes,pac,ie,"$15,875.62 ","$15,875.62 ","$15,875.62 ",,,,,,"$63,693.00 ","$33,347.00 ",,,"$30,346.00 "
30657,Americans for Tax Reform Political Fund,,pac,ie,"$30,915.00 ","$30,915.00 ","$30,915.00 ",,,,,,"$30,915.00 ",,,,"$30,915.00 "
40281,ARC PAC of Minn,,pac,,$750.00 ,$750.00 ,,$750.00 ,,$750.00 ,,,"$1,305.00 ",,,,"$1,305.00 "
30559,ARM - Political Action Comm,,pac,,"$1,250.00 ",$250.00 ,,"$1,250.00 ","$1,000.00 ",$250.00 ,,,,,,,
40910,Austin Chamber Business Leadership Committee,,pac,,$0.00 ,$0.00 ,,,,,,,$600.00 ,,,,$600.00 
40683,Automotive Service Political Action Committee,,pac,,"$1,300.00 ","$1,300.00 ",,"$1,300.00 ",,"$1,000.00 ",$300.00 ,,$800.00 ,,,,$800.00 
30137,BAM-PAC,,pac,,"$36,880.00 ","$36,880.00 ",,"$36,880.00 ",,"$17,980.00 ","$18,900.00 ",,"$34,834.50 ",,,,"$34,834.50 "
30567,BCA Agents Political Fund,,pac,,"$2,500.00 ",$0.00 ,,"$2,500.00 ","$2,500.00 ",,,,,,,,
30274,Beer PAC-Minn Beer Wholesalers Assoc,Beer PAC,pac,,"$166,080.00 ","$165,580.00 ",,"$166,080.00 ",$500.00 ,"$85,450.00 ","$80,130.00 ",,"$177,941.21 ",,,,"$177,941.21 "
30170,Bemidji Central Labor Body AFL-CIO Pol Fund,,pac,labor,"$1,800.00 ","$1,800.00 ",,"$1,800.00 ",,"$1,800.00 ",,,,,,,
30584,Best & Flanagan Political Fund,Best & Flanagan,pac,,"$51,537.50 ","$49,587.50 ",,"$51,537.50 ","$1,950.00 ","$33,037.50 ","$15,350.00 ",$500.00 ,"$71,715.80 ",,,,"$71,715.80 "
30313,Best & Flanagan Political Fund,,pac,,"$2,250.00 ","$2,250.00 ",,"$2,250.00 ",,"$2,250.00 ",,,,,,,
40555,Bike PAC,,pac,,"$1,500.00 ","$1,500.00 ",,"$1,500.00 ",,$500.00 ,"$1,000.00 ",,,,,,
30594,Boilermakers 647 Political Action Fund,Boilermakers 647,pac,labor,"$212,587.50 ","$201,587.50 ",,"$212,587.50 ","$11,000.00 ","$200,837.50 ",,$750.00 ,"$53,535.00 ",,,,"$53,535.00 "
30563,Bois Forte Political Education Fund,Bois Forte,pac,indian,"$65,100.00 ","$63,100.00 ",,"$65,100.00 ","$2,000.00 ","$56,100.00 ","$7,000.00 ",,"$56,800.00 ",,,,"$56,800.00 "
30205,Bowling Political Action Committee,,pac,,"$3,700.00 ","$3,700.00 ",,"$3,700.00 ",,$200.00 ,"$3,500.00 ",,,,,,
30179,"Branch 28, NALC Political Action Fund",,pac,labor,"$7,168.34 ","$7,018.34 ",,"$7,168.34 ",$150.00 ,"$7,018.34 ",,,,,,,
40542,Brotherhood of Locomotive Engineers & Trainmen,,pac,labor,"$19,850.00 ","$19,850.00 ",,"$19,850.00 ",,"$19,650.00 ",,,"$8,005.00 ",,,,"$8,005.00 "
30617,Building Trades C1 PAC Fund,Building Trades C1,pac,labor,"$29,050.00 ","$28,600.00 ",,"$29,050.00 ",$450.00 ,"$26,800.00 ","$1,800.00 ",,"$28,350.00 ","$2,300.00 ",,,"$26,050.00 "
40522,Building Trades C1-PAC Fund,,pac,labor,"$1,900.00 ","$1,900.00 ",,"$1,900.00 ",,"$1,900.00 ",,,,,,,
70028,Burnsville Chamber PAC,,pac,biz,"$1,672.50 ","$1,672.50 ",$760.00 ,$912.50 ,,,$912.50 ,,"$7,520.00 ",,,,"$7,520.00 "
40833,Business PAC of Central MN,,pac,,$300.00 ,$0.00 ,,$300.00 ,$300.00 ,,,,,,,,
41056,Canary Party of Minnesota,Canary Party,pac,,$0.00 ,$0.00 ,,,,,,,"$105,845.00 ",,,,"$105,845.00 "
41052,Canterbury Park,,pac,ie,$0.00 ,$0.00 ,,,,,,,"$1,527.36 ",,,,"$1,527.36 "
40038,"CAR, Committee of Automotive Retailers",CAR,pac,biz,"$266,105.29 ","$235,750.00 ",,"$266,105.29 ","$30,355.29 ","$126,400.00 ","$108,350.00 ",,"$272,906.00 ",,,,"$272,906.00 "
30138,CARE / PAC,CARE/PAC,pac,biz,"$107,525.00 ","$107,525.00 ",,"$107,525.00 ",,"$53,575.00 ","$53,950.00 ",,"$54,570.70 ",,,,"$54,570.70 "
30583,Carpenters Local #606 PAC,,pac,labor,"$13,100.00 ","$13,100.00 ",,"$13,100.00 ",,"$13,100.00 ",,,,,,,
40782,Carpenters Local 1644 PAC,Carpenters Local 1644,pac,labor,"$21,095.56 ","$17,950.00 ",,"$21,095.56 ","$3,145.56 ","$17,700.00 ",,,"$13,336.00 ",$250.00 ,,,"$13,086.00 "
30642,Carpenters Local 322,,pac,labor,"$11,880.00 ","$11,880.00 ",,"$11,880.00 ",,"$11,880.00 ",,,"$19,046.50 ",,$130.00 ,$250.00 ,"$18,666.50 "
30614,Carpenters Local 464 Political Fund,,pac,labor,"$3,095.00 ","$3,095.00 ",,"$3,095.00 ",,"$3,095.00 ",,,"$3,664.00 ",,,,"$3,664.00 "
30600,Carpenters Local 930 PAC,Carpenters Local 930,pac,labor,"$1,900.00 ","$1,900.00 ",,"$1,900.00 ",,"$1,700.00 ",,,$599.00 ,$200.00 ,$150.00 ,,$249.00 
30592,Carpenters Local Union 361 Pol Fund,Carpenters Local 361,pac,labor,"$11,490.00 ","$11,490.00 ",,"$11,490.00 ",,"$10,990.00 ",,,"$8,500.00 ",$500.00 ,,,"$8,000.00 "
30548,Carpenters Union Local #87 PAF,,pac,labor,"$6,239.27 ","$5,400.00 ",,"$6,239.27 ",$839.27 ,"$5,400.00 ",,,,,,,
40247,Central Minn AFL-CIO Trades & Labor Assembly,,pac,labor,"$9,000.00 ","$9,000.00 ",,"$9,000.00 ",,"$9,000.00 ",,,"$13,101.00 ",,,,"$13,101.00 "
30581,CHG PAC,CHG PAC,pac,,"$21,100.00 ","$21,100.00 ",,"$21,100.00 ",,"$7,600.00 ","$13,500.00 ",,"$20,900.00 ",,,,"$20,900.00 "
41079,Choice in Minnesota Health Care,,pac,ie,"$5,000.00 ",$0.00 ,,"$5,000.00 ","$5,000.00 ",,,,"$35,400.00 ",,,,"$35,400.00 "
40822,Choice Voter,,pac,,$107.50 ,$0.00 ,,$107.50 ,$107.50 ,,,,,,,,
40787,Citizens for Effective Government,,pac,,"$5,000.00 ","$5,000.00 ",,"$5,000.00 ",,"$5,000.00 ",,,"$5,107.50 ","$5,107.50 ",,,
40976,Citizens for Honest Government,,pac,,$500.00 ,$500.00 ,,$500.00 ,,,$500.00 ,,,,,,
30646,Citizens for Smith,,pac,ie,$0.00 ,$0.00 ,,,,,,,"$9,191.56 ","$5,500.00 ",,,"$3,691.56 "
40895,Citizens for the Sensible Center,,pac,,$0.00 ,$0.00 ,,,,,,,$750.00 ,,,,$750.00 
41094,Clean Energy PAC of Iberdrola Renewables LLC,,pac,,"$2,500.00 ","$2,500.00 ",,"$2,500.00 ",,"$1,500.00 ","$1,000.00 ",,"$31,010.00 ",,,,"$31,010.00 "
30627,Clean Water Action Independent Fund,,pac,ie,"$4,075.25 ","$4,075.25 ","$4,075.25 ",,,,,,"$3,506.63 ",,,,"$3,506.63 "
80018,Clean Water Action Voter Education Project,,pac,biz,"$29,313.71 ","$23,313.71 ","$23,313.71 ","$6,000.00 ","$6,000.00 ",,,,"$20,220.00 ",,,,"$20,220.00 "
30647,CMVC Fund (Conservation MN Voter Center),,pac,ie,"$27,177.69 ","$27,177.69 ","$27,177.69 ",,,,,,"$40,500.00 ",$500.00 ,,,"$40,000.00 "
40898,Coalition for Democratic Values,,pac,,"$5,500.00 ","$5,500.00 ",,"$5,500.00 ",,"$5,500.00 ",,,"$9,128.48 ",,"$8,878.48 ",,$250.00 
70007,Coalition of MN Businesses PAC,Coalition MN Businesses,pac,biz,"$888,732.36 ","$866,890.84 ","$866,890.84 ","$21,841.52 ","$21,841.52 ",,,,"$905,061.00 ","$903,500.00 ",,,"$1,561.00 "
80013,COLL PAC,,pac,,"$7,550.00 ","$7,550.00 ",,"$7,550.00 ",,"$2,850.00 ","$4,700.00 ",,"$11,180.00 ",,,,"$11,180.00 "
40045,Committee of Thirteen Legislative Fund,,pac,labor,"$105,430.00 ","$105,305.00 ",,"$105,430.00 ",$125.00 ,"$103,205.00 ","$2,100.00 ",,,,,,
41045,Committee to Stop Wasteful Spending,,pac,ie,"$31,883.79 ","$28,820.90 ","$28,820.90 ","$3,062.89 ","$3,062.89 ",,,,"$32,500.00 ","$10,000.00 ",,,"$22,500.00 "
40274,Communication Workers of America Local 7200,,pac,labor,"$6,750.00 ","$6,750.00 ",,"$6,750.00 ",,"$6,250.00 ",$500.00 ,,"$4,000.00 ",,,,"$4,000.00 "
80008,Conservation Minnesota Voter Fund,Conservation MN,pac,,"$179,496.90 ","$179,496.90 ","$138,850.79 ","$40,646.11 ",,"$30,310.00 ","$3,950.00 ","$6,386.11 ","$444,216.98 ",,,,"$444,216.98 "
40855,Constitution Party of Minn,,pac,,$0.00 ,$0.00 ,,,,,,,"$19,579.81 ",,,,"$19,150.36 "
40269,Co-op PAC (fka MAC-PAC),Co-po PAC,pac,,"$4,950.00 ","$4,950.00 ",,"$4,950.00 ",,"$2,300.00 ","$2,650.00 ",,"$17,392.97 ",,,,"$17,392.97 "
30312,Council 65 Political Action Committee,,pac,labor,"$19,430.00 ","$19,430.00 ",,"$19,430.00 ",,"$19,430.00 ",,,"$11,742.57 ",,,,"$11,742.57 "
41083,Count Them All Properly,,pac,,"$27,000.00 ","$27,000.00 ",,"$27,000.00 ",,,"$27,000.00 ",,"$31,010.00 ",,,,"$31,010.00 "
30224,CUVOL,CUVOL,pac,,"$79,670.00 ","$78,920.00 ",,"$79,670.00 ",$750.00 ,"$41,420.00 ","$37,500.00 ",,"$26,792.15 ",,,,"$26,792.15 "
80021,CWA COPE PCC,CWA COPE,pac,labor,"$85,100.00 ","$39,000.00 ",,"$85,100.00 ","$46,100.00 ","$39,000.00 ",,,"$148,980.50 ",,,,"$148,980.50 "
30576,CWA Local 7250 Political Fund,,pac,labor,$492.58 ,$0.00 ,,$492.58 ,$492.58 ,,,,,,,,
30575,CWA Minnesota State Council,CWA,pac,labor,"$9,600.00 ","$9,300.00 ",,"$9,600.00 ",$300.00 ,"$9,300.00 ",,,"$11,492.58 ",$492.58 ,,,"$11,000.00 "
30580,D B I - E - PAG,,pac,,$875.30 ,$0.00 ,,$875.30 ,$875.30 ,,,,,,,,
40491,D&T Better Government Committee,D&T Better Gov,pac,,"$17,177.84 ",$0.00 ,,"$17,177.84 ","$17,177.84 ",,,,"$11,175.00 ",,,,"$11,175.00 "
70031,Dakota Cnty Regional Chamber Leadership Fund,,pac,,"$1,948.06 ",$0.00 ,,"$1,948.06 ","$1,948.06 ",,,,"$1,950.00 ",,,,"$1,950.00 "
70039,Democrats for Life of Minnesota,,pac,prodfl,$354.76 ,$354.76 ,,$354.76 ,,$354.76 ,,,,,,,
30168,DFL Feminist Caucus - Candidates Fund,DFL Feminist Caucus,pac,prodfl,"$1,632.00 ","$1,632.00 ",,"$1,632.00 ",,"$1,632.00 ",,,"$12,102.92 ",$425.00 ,,,"$11,677.92 "
40993,DFL Senior Caucus,,pac,prodfl,$0.00 ,$0.00 ,,,,,,,$105.00 ,,,,$105.00 
30640,Dominium Political Fund,,pac,,"$12,550.00 ","$2,550.00 ",,"$12,550.00 ","$10,000.00 ","$2,550.00 ",,,"$24,320.00 ",,,,"$24,320.00 "
30116,Dorsey Political Fund,Dorsey,pac,lawyers,"$218,203.65 ","$204,385.65 ",,"$218,203.65 ","$13,818.00 ","$104,825.00 ","$85,952.76 ",,"$233,821.03 ",,,,"$233,821.03 "
41096,Draft Hann for Governor,,pac,ie,$0.00 ,$0.00 ,,,,,,,$600.00 ,,,,$600.00 
41018,Draft R T Rybak For Governor,,pac,,$0.00 ,$0.00 ,,,,,,,"$1,585.90 ",,,,"$1,585.90 "
40815,DRIVE- Democrat Republican Ind. Voter Edu.,DRIVE,pac,labor,"$1,122,688.60 ","$162,000.00 ",,"$1,122,688.60 ","$960,688.60 ","$162,000.00 ",,,"$261,914.60 ",,,,"$261,914.60 "
41059,Driving MN,Driving MN,pac,ie,$0.00 ,$0.00 ,,,,,,,"$30,000.00 ",,,,"$30,000.00 "
30217,Dul Bldg Trades Vol Party Fund,,pac,labor,"$5,850.00 ","$5,850.00 ",,"$5,850.00 ",,"$5,850.00 ",,,"$9,000.00 ",,,,"$9,000.00 "
40915,Duluth Active & Retired Teachers Group,,pac,labor,"$10,000.00 ","$10,000.00 ",,"$10,000.00 ",,"$10,000.00 ",,,$240.00 ,,,,$240.00 
30273,Duluth Central Labor Body COPE Fund,,pac,labor,"$4,100.11 ","$2,786.00 ",,"$4,100.11 ","$1,314.11 ","$2,786.00 ",,,"$29,748.64 ","$19,450.00 ",,,"$10,298.64 "
30086,Duluth Federation of Teachers Political Fund,,pac,labor,"$8,991.78 ","$5,105.00 ",,"$8,991.78 ","$3,886.78 ",$105.00 ,,"$5,000.00 ",,,,,
30096,Duluth FirePAC,Duluth Fire,pac,labor,"$33,677.50 ","$33,677.50 ","$3,397.50 ","$30,280.00 ",,"$30,280.00 ",,,"$111,447.00 ",$900.00 ,,,"$110,547.00 "
40171,Duluth Women's Republican Club,,pac,,$399.66 ,$399.66 ,,$399.66 ,,,$399.66 ,,,,,,
30626,East Central MN Area Labor Council COPE,,pac,labor,"$12,788.60 ","$12,288.60 ","$2,388.60 ","$10,400.00 ",$500.00 ,"$9,400.00 ",,$500.00 ,"$13,342.25 ",,,,"$13,342.25 "
41003,East Central Taxpayers,,pac,,"$4,500.00 ","$4,500.00 ","$4,300.00 ",$200.00 ,,,$200.00 ,,"$3,200.00 ",,,,"$3,200.00 "
30609,East Metro ASC LLC PAC (fka Minn Ambulatory Surgery Center Assoc),,pac,,"$13,000.00 ","$13,000.00 ",,"$13,000.00 ",,"$4,000.00 ","$9,000.00 ",,"$13,993.70 ",,,,"$13,993.70 "
41029,Ecology Democracy Party,,pac,,$0.00 ,$0.00 ,,,,,,,$992.35 ,,,,$992.35 
70019,Ed Action,,pac,,$250.00 ,$250.00 ,,$250.00 ,,,$250.00 ,,,,,,
41074,Edina Democrats,,pac,prodfl,"$2,557.76 ","$2,557.76 ",,"$2,557.76 ",,"$2,557.76 ",,,"$3,557.76 ",,"$2,557.76 ",,"$1,000.00 "
41005,Edinans for Erhardt,Edinans for Erhardt,pac,,"$49,961.94 ","$39,681.57 ","$39,681.57 ","$10,280.37 ","$10,280.37 ",,,,"$49,500.00 ","$44,500.00 ",,,"$5,000.00 "
30136,Education Minn - Osseo PAC,,pac,labor,"$2,100.00 ","$2,100.00 ",,"$2,100.00 ",,"$2,100.00 ",,,,,,,
30558,Education Minn PAC,Education Minnesota,pac,labor,"$3,934,330.44 ","$3,004,475.44 ","$1,065,266.21 ","$2,869,064.23 ","$929,855.00 ","$1,782,699.00 ","$42,325.00 ","$114,185.23 ","$4,769,608.82 ","$15,129.96 ",,,"$4,754,478.86 "
40523,Electricians Local 242 IBEW PAC,,pac,labor,"$1,050.00 ","$1,050.00 ",,"$1,050.00 ",,"$1,050.00 ",,,,,,,
30103,Elementary Principals Action Committee,,pac,,"$28,125.00 ","$28,125.00 ",,"$28,125.00 ",,"$23,875.00 ","$4,250.00 ",,,,,,
40847,Emilys List - Minn,Emilys List MN,pac,,"$175,788.42 ","$167,288.42 ",,"$175,788.42 ","$8,500.00 ","$167,288.42 ",,,"$95,025.10 ",,,,"$95,025.10 "
30613,Ewald Political Fund,,pac,,"$4,200.00 ","$4,200.00 ",,"$4,200.00 ",,"$2,700.00 ","$1,500.00 ",,"$6,150.00 ",$500.00 ,,,"$5,650.00 "
40985,Excelsior Energy Inc PAC,,pac,,"$5,550.00 ","$5,550.00 ",,"$5,550.00 ",,"$3,750.00 ","$1,800.00 ",,"$6,700.00 ",,,,"$6,700.00 "
41037,Expose The Truth.com,,pac,,$0.00 ,$0.00 ,,,,,,,"$5,499.00 ",,,$499.00 ,"$5,000.00 "
30163,Faegre Baker Daniels State-Reg Pol Fund (fka Faegre & Benson LLP),Faegre Baker Daniels,pac,lawyers,"$601,637.50 ","$573,687.50 ",,"$601,637.50 ","$27,950.00 ","$311,187.50 ","$241,500.00 ",,"$635,907.90 ",,,,"$635,907.90 "
41028,Faithful Citizens Political Fund,,pac,,$175.00 ,$0.00 ,,$175.00 ,$175.00 ,,,,,,,,
40991,FEAPAC - MINN,FEAPAC,pac,,"$63,302.50 ","$60,302.50 ",,"$63,302.50 ","$3,000.00 ","$25,550.00 ","$33,052.50 ",,"$76,967.50 ",,,,"$76,967.50 "
30619,Federal Express Minn State Fund,,pac,,"$16,900.00 ","$16,400.00 ",,"$16,900.00 ",$500.00 ,$300.00 ,"$16,100.00 ",,"$2,833.30 ",,,,"$2,833.30 "
30016,Firefighters Assoc of Mpls Political Fund,Firefighters Mpls,pac,labor,"$17,550.00 ","$10,550.00 ",,"$17,550.00 ","$7,000.00 ","$9,550.00 ","$1,000.00 ",,"$73,594.31 ",,,,"$73,594.31 "
30315,Fond du Lac Committee of Political Ed,Fond du Lac,pac,indian,"$106,600.00 ","$106,600.00 ",,"$106,600.00 ",,"$62,650.00 ","$43,950.00 ",,"$99,550.00 ",,,,"$99,550.00 "
40019,Food PAC of Minn,Food PAC,pac,,"$64,275.00 ","$64,025.00 ",,"$64,275.00 ",$250.00 ,"$19,250.00 ","$44,775.00 ",,"$77,500.00 ",,,,"$77,500.00 "
40742,Freedom Club State PAC,Freedom Club,pac,prorpm,"$2,670,407.37 ","$2,670,407.37 ","$1,996,367.37 ","$674,040.00 ",,,"$674,040.00 ",,"$3,196,063.00 ",,,"$171,463.00 ","$3,024,600.00 "
40943,Friends for Responsible Government,,pac,,$162.25 ,$162.25 ,,$162.25 ,,$162.25 ,,,,,,,
40295,Friends of DFL Women,Friends of DFL Women,pac,prodfl,"$80,550.00 ","$80,050.00 ",,"$80,550.00 ",$500.00 ,"$80,050.00 ",,,"$82,020.00 ","$47,475.00 ","$1,020.00 ",,"$33,525.00 "
40935,Friends of Minn Nurse Anesthetists,,pac,,"$20,450.00 ","$20,450.00 ",,"$20,450.00 ",,"$11,600.00 ","$6,850.00 ",,"$28,418.01 ",,,,"$28,418.01 "
30639,Friends of MN School Bus Operators Assn,,pac,,"$5,400.00 ","$5,400.00 ",,"$5,400.00 ",,"$2,000.00 ","$3,400.00 ",,"$22,997.00 ",,,,"$22,997.00 "
40809,Friends of the Minn Zoo,,pac,,"$5,250.00 ","$5,250.00 ",,"$5,250.00 ",,"$2,450.00 ","$2,800.00 ",,"$5,950.00 ",,,,"$5,950.00 "
40792,Fryberger Buchanan Smith & Frederick PAC,,pac,,"$1,550.00 ","$1,550.00 ",,"$1,550.00 ",,"$1,250.00 ",$300.00 ,,"$3,600.00 ",,,,"$3,600.00 "
40962,Gay and Lesbian Victory Fund,,pac,,$500.00 ,$500.00 ,,$500.00 ,,$500.00 ,,,"$2,400.00 ",,,,"$2,400.00 "
30587,Goff Public PAC,Goff Public,pac,,"$50,550.00 ","$47,550.00 ",,"$50,550.00 ","$3,000.00 ","$21,550.00 ","$26,000.00 ",,"$55,031.68 ",,,$500.00 ,"$54,531.68 "
40066,GOP FC PAC,,pac,prorpm,"$2,500.00 ",$0.00 ,,"$2,500.00 ","$2,500.00 ",,,,,,,,
40970,Grand Portage PAC,Grand Portage,pac,,"$42,650.00 ","$42,650.00 ",,"$42,650.00 ",,"$41,400.00 ","$1,250.00 ",,"$59,055.00 ",,,,"$59,055.00 "
40903,Grand Rapids Area Chamber of Commerce PAC,,pac,,$0.00 ,$0.00 ,,,,,,,$350.00 ,,,,$350.00 
40725,Gray Plant Mooty Mooty & Bennett Independent PAC,Gray Plant,pac,lawyers,"$11,400.00 ","$11,300.00 ",,"$11,400.00 ",$100.00 ,"$6,800.00 ","$2,250.00 ",,"$22,817.77 ",,,,"$22,817.77 "
40825,GREAT (Great River Energy Action Team-State),,pac,biz,"$60,000.00 ","$59,500.00 ",,"$60,000.00 ",$500.00 ,"$37,750.00 ","$21,750.00 ",,"$85,645.50 ",,,,"$85,645.50 "
30634,Greater Minnesota Votes,Greater MN Votes,pac,ie,"$45,921.19 ","$45,921.19 ","$45,921.19 ",,,,,,"$48,100.00 ","$46,000.00 ",,,"$2,100.00 "
40417,Hammel Green & Abrahamson Inc PAC,,pac,,"$2,125.00 ","$1,575.00 ",,"$2,125.00 ",$550.00 ,"$1,325.00 ",$250.00 ,,"$10,030.00 ",,,,"$10,030.00 "
30337,Health Partners Civic Affairs Council,,pac,,"$14,025.00 ","$13,775.00 ",,"$14,025.00 ",$250.00 ,"$5,650.00 ","$8,125.00 ",,"$13,008.31 ",,,,"$13,008.31 "
41020,Hennepin County Deputies PAC (fka Hennepin Cnty Law Enfcmt PAC),,pac,labor,"$5,250.00 ",$250.00 ,,"$5,250.00 ","$5,000.00 ",$250.00 ,,,"$17,506.00 ",,,,"$17,506.00 "
40840,Hennepin Cty Probation & Parole Officers Union,,pac,,$400.00 ,$400.00 ,,$400.00 ,,$400.00 ,,,$700.00 ,,,,$700.00 
30218,Hospitality Political Action Committee,Hospitality PAC,pac,,"$82,662.00 ","$59,162.00 ",,"$82,662.00 ","$23,500.00 ","$15,012.00 ","$44,150.00 ",,"$206,690.00 ",,,,"$206,690.00 "
30635,Housing First,Housing First,pac,ie,"$72,756.41 ","$55,256.41 ","$55,256.41 ","$17,500.00 ","$17,500.00 ",,,,"$86,906.61 ",,,,"$86,906.61 "
30631,HRC Equality Votes Minnesota,HRC Equality,pac,ie,"$130,430.11 ",$430.11 ,$430.11 ,"$130,000.00 ","$130,000.00 ",,,,"$131,032.70 ",,,,"$131,032.70 "
70041,HRC Minnesota PAC,HRC Minnesota,pac,issue,"$41,034.42 ","$40,011.87 ",,"$41,034.42 ","$1,022.55 ","$40,011.87 ",,,"$35,110.00 ","$5,250.00 ",,,"$29,860.00 "
41042,Hunting and Angling Club,Hungting & Angling Club,pac,,$0.00 ,$0.00 ,,,,,,,"$4,850.00 ","$2,000.00 ",,,"$2,850.00 "
30209,IAFF-Local #1935 PAC,,pac,labor,"$2,300.00 ","$2,300.00 ",,"$2,300.00 ",,"$2,300.00 ",,,"$3,142.50 ",,,,"$3,142.50 "
30655,IATSE Local #13 PAC Fund,,pac,labor,$350.00 ,$350.00 ,,$350.00 ,,$350.00 ,,,"$3,361.00 ",,,,"$3,361.00 "
30331,IBEW - COPE,IBEW COPE,pac,labor,"$93,500.00 ","$93,500.00 ",,"$93,500.00 ",,"$88,500.00 ",,"$5,000.00 ","$444,584.91 ","$158,193.00 ",,,"$286,391.91 "
30316,IBEW 110 PAC,IBEW 110 PAC,pac,labor,"$197,183.72 ","$113,625.72 ",,"$197,183.72 ","$83,558.00 ","$111,475.72 ",$800.00 ,"$1,350.00 ",,,,,
40094,IBEW Local #31 Volunteer COPE Fund,IBEW Local #31,pac,labor,"$60,595.00 ","$13,980.00 ",,"$60,595.00 ","$46,615.00 ","$13,980.00 ",,,"$28,909.10 ",,,,"$28,909.10 "
30119,IBEW Local 292 Political Education Fund,IBEW Local 292,pac,labor,"$477,259.87 ","$414,159.87 ","$1,785.59 ","$475,474.28 ","$63,100.00 ","$401,874.28 ",$500.00 ,"$10,000.00 ","$466,208.36 ",,,,"$466,208.36 "
30236,IBEW Local 343 Political Education Fund (fka Electr Loc 343 IBEW Ed Fd),IBEW Local 343,pac,labor,"$51,710.88 ","$7,850.00 ",,"$51,710.88 ","$43,860.88 ","$7,850.00 ",,,"$36,850.00 ",,,,"$36,850.00 "
40404,IBEW Minn State Council PAC,IBEW,pac,labor,"$543,906.39 ","$280,501.00 ","$4,176.00 ","$539,730.39 ","$263,405.39 ","$276,325.00 ",,,"$542,125.00 ",,,,"$542,125.00 "
40056,IFAPAC Minn,IFAPAC,pac,,"$31,750.00 ","$31,750.00 ",,"$31,750.00 ",,"$9,500.00 ","$22,250.00 ",,"$88,489.85 ",,,,"$88,489.85 "
30308,IFO Political Action Committee Fund (Inter Faculty Organization),Inter Faculty Org,pac,,"$153,160.72 ","$150,460.72 ","$1,270.72 ","$151,890.00 ","$2,700.00 ","$135,740.00 ","$13,450.00 ",,"$163,513.72 ",,,,"$163,513.72 "
30629,Impact Minnesota Political Fund,Impact MN,pac,ie,"$192,535.97 ","$192,535.97 ","$192,535.97 ",,,,,,"$190,951.75 ","$29,500.00 ",,,"$161,451.75 "
40248,Independent Community Bankers of Minn PAC,Ind Cmty Bankers,pac,biz,"$78,855.00 ","$78,855.00 ",,"$78,855.00 ",,"$22,855.00 ","$56,000.00 ",,"$185,640.43 ",,,,"$185,640.43 "
41015,Independent Republican Party of Minn,,pac,,$0.00 ,$0.00 ,,,,,,,$200.00 ,,,,$200.00 
70014,Insurance Federation Political Action Comm,Insurance Fed,pac,biz,"$24,175.00 ","$11,775.00 ",,"$24,175.00 ","$12,400.00 ","$3,850.00 ","$7,925.00 ",,"$26,200.25 ","$2,500.00 ",,,"$23,700.25 "
30058,International Union of Operating Engineers,Intl Union Op Engineers,pac,labor,"$615,642.78 ","$499,125.32 ","$6,049.44 ","$609,593.34 ","$116,517.46 ","$486,725.88 ","$5,850.00 ",$500.00 ,"$148,780.47 ","$7,816.15 ",$250.00 ,,"$140,714.32 "
30350,Iron Range Bldg Trades-PAF,,pac,labor,"$1,950.00 ","$1,950.00 ",,"$1,950.00 ",,"$1,950.00 ",,,$500.00 ,,,,$500.00 
30194,Iron Range Labor Assembly Legislative Fund,,pac,labor,"$6,971.45 ",$700.00 ,,"$6,971.45 ","$6,271.45 ",$700.00 ,,,,,,,
30092,Iron Workers Local 512,Iron Workers Local 512,pac,labor,"$108,014.00 ","$98,600.00 ",,"$108,014.00 ","$9,414.00 ","$98,600.00 ",,,"$45,000.00 ",,,,"$45,000.00 "
80030,IUPAT District Council 82 PAC,,pac,labor,$850.00 ,$850.00 ,,$850.00 ,,$700.00 ,,$150.00 ,,,,,
30611,IUPAT Political Action Together Pol Committee,IUPAT,pac,labor,"$146,201.00 ","$118,950.00 ",,"$146,201.00 ","$27,251.00 ","$118,950.00 ",,,"$1,092,679.78 ",,,,"$1,092,679.78 "
41046,Jacobson Buffalo PAC,,pac,,"$4,050.00 ","$4,050.00 ",,"$4,050.00 ",,"$1,450.00 ","$2,600.00 ",,"$7,710.00 ",,,,"$7,710.00 "
30013,Joint Council 32 DRIVE,Joint Council 32 DRIVE,pac,labor,"$216,610.00 ","$156,910.00 ",,"$216,610.00 ","$59,700.00 ","$155,610.00 ","$1,100.00 ",,"$1,458,592.74 ","$447,031.53 ",,,"$1,011,561.21 "
41030,Justice in Minnesota,,pac,,$0.00 ,$0.00 ,,,,,,,$660.32 ,,,,$660.32 
40896,Kandiyohi Co Business Leadership Fund,,pac,biz,"$2,871.33 ","$1,000.00 ",,"$2,871.33 ","$1,871.33 ",,"$1,000.00 ",,,,,,
40712,Laborers District Council of Minn & ND Pol Fund,Laborers District Council,pac,labor,"$1,825,250.00 ","$1,382,850.00 ",,"$1,825,250.00 ","$442,400.00 ","$1,330,900.00 ","$1,250.00 ","$50,000.00 ","$1,916,596.27 ","$1,978.12 ",,,"$1,914,618.15 "
30624,Larkin Hoffman Political Fund,Larkin Hoffman,pac,,"$19,250.00 ","$19,250.00 ",,"$19,250.00 ",,"$10,250.00 ","$9,000.00 ",,"$23,975.85 ",,,,"$23,975.85 "
30228,Lawyers Public Affairs Commission (LawPAC),,pac,,"$4,000.00 ","$4,000.00 ",,"$4,000.00 ",,"$2,000.00 ","$2,000.00 ",,"$3,820.00 ",,,,"$3,820.00 "
40996,Leaders Aligned for Health Care,,pac,,"$13,750.00 ","$12,675.00 ",,"$13,750.00 ","$1,075.00 ","$8,700.00 ","$2,975.00 ",,"$14,400.00 ",,,,"$14,400.00 "
41008,League of Young Voters PAC,,pac,,$0.00 ,$0.00 ,,,,,,,$500.00 ,,,,$500.00 
40889,Leech Lake PAC,Leech Lake,pac,indian,"$45,621.78 ","$45,121.78 ",,"$45,621.78 ",$500.00 ,"$41,321.78 ","$3,800.00 ",,"$58,400.00 ",,$500.00 ,,"$57,900.00 "
40909,Legacy Project for Political Empowerment,,pac,,"$3,095.40 ",$0.00 ,,"$3,095.40 ","$3,095.40 ",,,,,,,,
30242,Leonard Street and Deinard PAC,Leonard Street & Deinard,pac,lawyers,"$134,450.00 ","$119,750.00 ",,"$134,450.00 ","$14,700.00 ","$69,625.00 ","$49,125.00 ",,"$161,930.00 ",,,,"$161,930.00 "
40105,Lindquist & Vennum Political Fund,Lindquist & Vennum,pac,lawyers,"$20,820.00 ","$19,970.00 ",,"$20,820.00 ",$850.00 ,"$9,620.00 ","$8,650.00 ",,"$41,825.00 ",,,,"$41,825.00 "
41010,LISA PAC Minn,,pac,,$0.00 ,$0.00 ,,,,,,,$200.00 ,,,,$200.00 
40401,Local 1833 Political Fund IAMAW,,pac,labor,"$6,154.20 ","$6,154.20 ",,"$6,154.20 ",,"$6,154.20 ",,,,,,,
30064,Local 28 Political Fund,Local 28,pac,labor,"$83,500.00 ","$60,800.00 ",,"$83,500.00 ","$22,700.00 ","$60,800.00 ",,,"$25,829.00 ",,,,"$25,829.00 "
30620,Local 548 PAC,,pac,labor,"$6,950.00 ","$6,950.00 ",,"$6,950.00 ",,"$6,950.00 ",,,"$4,557.00 ",,,,"$4,557.00 "
30022,Local 59 Political Fund,Local 59,pac,labor,"$178,630.00 ","$161,700.00 ",,"$178,630.00 ","$16,930.00 ","$159,600.00 ","$1,600.00 ",$500.00 ,"$213,374.16 ",,,,"$213,374.16 "
30652,Local 68 Political Action Fund,,pac,labor,"$5,190.00 ","$5,190.00 ",,"$5,190.00 ",,"$3,450.00 ","$1,240.00 ",,,,,,
40820,Local 851 Political Action Committee,Local 851,pac,labor,"$22,864.60 ","$10,500.00 ",,"$22,864.60 ","$12,364.60 ","$10,500.00 ",,,"$11,410.75 ",,,,"$11,410.75 "
40837,Local Action Political Action Committee,,pac,labor,"$29,591.26 ","$29,591.26 ","$29,591.26 ",,,,,,"$29,855.29 ","$29,855.29 ",,,
30024,Local S-6 IAFF Political Fund,,pac,labor,$550.00 ,$550.00 ,,$550.00 ,,$550.00 ,,,,,,,
30230,Lockridge Grindal Nauen PLLP State Pol Fnd,Lockridge Grindal Nauen,pac,lawyers,"$502,285.58 ","$498,285.58 ",,"$502,285.58 ","$4,000.00 ","$302,640.91 ","$167,584.34 ","$28,060.33 ","$553,870.00 ",,,$250.00 ,"$553,620.00 "
40930,Log Cabin Republicans of Minnesota,,pac,prorpm,$250.00 ,$250.00 ,,$250.00 ,,,,$250.00 ,"$8,665.31 ",,,$350.00 ,"$8,315.31 "
40882,Lommen Nelson Political Action Committee,,pac,,"$6,750.00 ","$6,750.00 ",,"$6,750.00 ",,,,,"$5,372.31 ",,,,"$5,372.31 "
30327,Lower Sioux Political Education Fund,,pac,indian,"$43,374.00 ","$43,374.00 ",,"$43,374.00 ",,"$36,374.00 ","$7,000.00 ",,"$35,070.00 ",,,,"$35,070.00 "
70010,MABC PAC,MABC,pac,,"$47,535.88 ","$35,035.88 ","$10,000.00 ","$37,535.88 ","$12,500.00 ",,"$25,035.88 ",,"$45,565.00 ",,,,"$45,565.00 "
40978,MADC Political Fund (fka MN Assn of Deaf Citizens Inc),,pac,,$800.00 ,$800.00 ,,$800.00 ,,,$800.00 ,,$200.00 ,,,,$200.00 
30293,MAFMIC Political Action Committee,,pac,,"$75,310.00 ","$75,310.00 ",,"$75,310.00 ",,"$15,275.00 ","$59,835.00 ",,"$35,120.00 ",,,,"$35,120.00 "
30348,Mah Mah Wi No Min Fund I,Mah Mah Wi No Min,pac,indian,"$917,062.28 ","$906,462.28 ","$2,602.28 ","$914,460.00 ","$10,600.00 ","$818,610.00 ","$85,250.00 ",,"$993,750.00 ",,,,"$993,750.00 "
40713,MAIDA (Minn Asian-Indian Democratic Assoc),,pac,,$0.00 ,$0.00 ,,,,,,,$315.00 ,,,,$315.00 
80015,MAMBI PAC,,pac,,"$8,500.00 ","$8,500.00 ",,"$8,500.00 ",,"$3,500.00 ","$5,000.00 ",,"$1,916.64 ",,,,"$1,916.64 "
30260,Management Concerned for Public Education,,pac,,"$6,675.00 ","$6,225.00 ",,"$6,675.00 ",$450.00 ,"$3,875.00 ","$2,350.00 ",,,,,,
30270,MAPE-PAC,MAPE1,pac,labor,"$415,352.70 ","$361,584.96 ","$3,584.96 ","$411,767.74 ","$53,767.74 ","$357,750.00 ",$250.00 ,,"$119,398.00 ","$1,500.00 ",,,"$117,898.00 "
40988,Maplewood Voters,,pac,,$0.00 ,$0.00 ,,,,,,,$500.00 ,,,,$500.00 
40983,Maplewood Voters Coalition,Maplewood Voters Coalitio,pac,,$0.00 ,$0.00 ,,,,,,,"$1,497.60 ",$300.00 ,,,"$1,197.60 "
30342,Maslon Edelman Borman & Brand Pol Action Comm,,pac,,"$2,750.00 ","$2,750.00 ",,"$2,750.00 ",,,,,,,,,
30190,MCCL State Pac,MCCL,pac,issue,"$65,999.53 ","$65,999.53 ","$60,057.47 ","$5,942.06 ",,,"$5,942.06 ",,"$45,404.11 ",,,,"$45,404.11 "
80011,MCEA Political Action Committee,,pac,,"$3,150.00 ","$3,150.00 ",,"$3,150.00 ",,"$2,050.00 ","$1,100.00 ",,"$3,102.00 ",,,,"$3,102.00 "
40620,"McGrann,Shea,Franzen,Carnival,Straughn & Lamb",,pac,,$150.00 ,$150.00 ,,$150.00 ,,,$150.00 ,,,,,,
30612,Meagher & Geer PLLP Political Fund,Meagher & Geer,pac,,"$5,800.00 ","$5,800.00 ",,"$5,800.00 ",,$600.00 ,,,"$9,713.33 ",,,,"$9,713.33 "
40977,Medical Transportation PAC,,pac,,$750.00 ,$750.00 ,,$750.00 ,,$500.00 ,$250.00 ,,$650.00 ,,,,$650.00 
40036,MEDPAC Minn Medical Political Action Comm,MEDPAC,pac,biz,"$102,130.00 ","$102,130.00 ","$4,880.00 ","$97,250.00 ",,"$55,750.00 ","$41,500.00 ",,"$262,126.62 ",,,,"$262,126.62 "
40786,Messerli & Kramer Political Action Comm,Messerli & Kramer,pac,lawyers,"$118,560.00 ","$115,460.00 ",,"$118,560.00 ","$3,100.00 ","$71,010.00 ","$44,450.00 ",,"$153,700.00 ",,,,"$153,700.00 "
40906,MetroNorth Chamber of Commerce PAC,,pac,,$0.00 ,$0.00 ,,,,,,,"$3,140.00 ",,,,"$3,140.00 "
41091,MGFA Political Committee,,pac,,$0.00 ,$0.00 ,,,,,,,$200.00 ,,,,$200.00 
80019,MHHP - PAF,,pac,,$200.00 ,$200.00 ,,$200.00 ,,$200.00 ,,,,,,,
41077,Michele PAC Minnesota,Michele PAC,pac,,"$20,500.00 ","$20,500.00 ",,"$20,500.00 ",,,"$20,500.00 ",,"$21,000.00 ",,,,"$21,000.00 "
41017,Midcontinent Communications MN PAC,,pac,,"$2,100.00 ","$2,100.00 ",,"$2,100.00 ",,"$1,000.00 ","$1,100.00 ",,"$5,450.00 ",,,,"$5,450.00 "
40945,MIDLAC,,pac,,"$3,100.00 ","$3,100.00 ",,"$3,100.00 ",,"$2,600.00 ",$500.00 ,,"$1,725.00 ",,,,"$1,725.00 "
40950,Midwest Values PAC - MN,,pac,,"$19,675.00 ","$19,675.00 ",,"$19,675.00 ",,"$19,675.00 ",,,,,,,
70046,MIFSC PAC (MN Insurance & Financial Services Council),MIFSC,pac,biz,"$7,400.00 ","$7,400.00 ",,"$7,400.00 ",,"$5,450.00 ","$1,950.00 ",,"$7,650.00 ","$1,000.00 ",,,"$6,650.00 "
40953,Milk Producers PAC,,pac,,"$4,600.00 ","$4,600.00 ",,"$4,600.00 ",,"$2,300.00 ","$2,300.00 ",,"$3,440.00 ",,,,"$3,440.00 "
30615,Millwrights Local 1348 PAC,,pac,labor,"$5,750.00 ","$5,750.00 ",,"$5,750.00 ",,"$5,750.00 ",,,"$2,000.00 ",,,,"$2,000.00 "
40914,Mining Industry Leadership Fund,,pac,,"$9,500.00 ","$9,500.00 ",,"$9,500.00 ",,"$4,500.00 ","$5,000.00 ",,,,,,
70009,Minn ACORN Political Action Committee,MN ACORN,pac,,$0.00 ,$0.00 ,,,,,,,"$7,500.00 ","$7,500.00 ",,,
30025,Minn AFL-CIO,MN AFL-CIO,pac,labor,"$770,729.54 ","$562,956.80 ","$265,081.80 ","$505,647.74 ","$207,772.74 ","$277,875.00 ",,"$20,000.00 ","$1,319,325.55 ","$734,603.71 ",$300.00 ,,"$584,421.84 "
40201,Minn AGPAC,,pac,,"$23,899.70 ","$21,899.70 ",,"$23,899.70 ","$2,000.00 ","$9,949.70 ","$11,950.00 ",,"$7,875.00 ",,,,"$7,875.00 "
41043,Minn Ambulatory Surgery Center Assn,,pac,,"$3,000.00 ","$3,000.00 ",,"$3,000.00 ",,,"$3,000.00 ",,"$2,397.70 ",,,,"$2,397.70 "
40192,Minn Architects Political Action Comm,,pac,,"$2,900.00 ","$2,900.00 ",,"$2,900.00 ",,"$2,100.00 ",$800.00 ,,$500.00 ,,,,$500.00 
80026,Minn Assoc of Professional Employees Political Fund,MAPE2,pac,labor,"$434,944.88 ","$216,984.88 ","$33,984.88 ","$400,960.00 ","$217,960.00 ","$143,000.00 ",,"$40,000.00 ","$294,066.49 ",,,,"$294,066.49 "
40751,Minn Bank State PAC,MN Bank,pac,biz,"$136,300.00 ","$105,300.00 ",,"$136,300.00 ","$31,000.00 ","$32,350.00 ","$72,950.00 ",,"$110,220.00 ",,,,"$110,220.00 "
70004,Minn Business Partnership PAC,MN Bus Partnership,pac,biz,"$674,392.61 ","$349,392.61 ","$168,192.61 ","$506,200.00 ","$325,000.00 ","$2,250.00 ","$178,950.00 ",,"$722,245.00 ","$25,000.00 ",,"$10,000.00 ","$687,245.00 "
30127,Minn Cable Comm Assoc - PAC,MN Cable Comm,pac,,"$52,745.00 ","$52,745.00 ",,"$52,745.00 ",,"$26,995.00 ","$25,750.00 ",,"$52,725.00 ",,,,"$52,725.00 "
30553,Minn CAP-PAC,,pac,,"$4,700.00 ","$4,450.00 ",,"$4,700.00 ",$250.00 ,"$2,900.00 ","$1,550.00 ",,"$3,925.38 ",,,,"$3,925.38 "
70001,Minn Chamber of Commerce Leadership Fd,MN Chamber,pac,biz,"$580,723.57 ","$223,523.57 ","$110,173.57 ","$470,550.00 ","$357,200.00 ","$1,450.00 ","$111,900.00 ",,"$859,960.01 ","$47,279.19 ",,,"$812,680.82 "
30111,Minn Chiropractic Political Action Comm,MN Chiropractic,pac,biz,"$62,212.50 ","$61,712.50 ",,"$62,212.50 ",$500.00 ,"$40,562.50 ","$21,150.00 ",,"$82,218.96 ",,,,"$82,218.96 "
70005,Minn CPAs Public Affairs Committee,MN CPAs,pac,biz,"$187,150.00 ","$187,150.00 ",,"$187,150.00 ",,"$91,400.00 ","$95,750.00 ",,"$284,406.44 ","$17,177.84 ",,,"$267,228.60 "
30018,Minn Dental Political Action Committee,MN Dental,pac,,"$166,400.50 ","$162,900.50 ",,"$166,400.50 ","$3,500.00 ","$78,475.50 ","$84,425.00 ",,"$9,198.00 ",,,,"$9,198.00 "
40839,Minn Electrical Assn PAC,,pac,,"$1,800.00 ","$1,800.00 ",,"$1,800.00 ",,$750.00 ,"$1,050.00 ",,"$3,145.00 ",,,,"$3,145.00 "
70040,Minn Electrical Industry Pol Action Comm,,pac,,"$1,250.00 ","$1,250.00 ",,"$1,250.00 ",,$500.00 ,$750.00 ,,"$4,750.00 ",,,,"$4,750.00 "
70054,Minn Emergency Physicians Action Committee,,pac,,"$1,150.00 ","$1,150.00 ",,"$1,150.00 ",,$950.00 ,$200.00 ,,"$7,050.00 ",,,,"$7,050.00 "
80001,Minn Eye PAC,MN Eye,pac,biz,"$36,920.00 ","$36,920.00 ",,"$36,920.00 ",,"$20,020.00 ","$16,650.00 ",,"$29,131.25 ",,,$150.00 ,"$28,981.25 "
70038,Minn Farm Bureau PAC,,pac,,"$1,500.00 ","$1,500.00 ",,"$1,500.00 ",,,$500.00 ,"$1,000.00 ","$2,720.00 ",,,,"$2,720.00 "
40561,Minn Farm Credit Services PAC,,pac,,"$6,000.00 ","$6,000.00 ",,"$6,000.00 ",,"$2,250.00 ","$3,750.00 ",,"$3,075.00 ",,,,"$3,075.00 "
40543,Minn Farmers Union PAC,MN Farmers Union,pac,biz,"$31,925.00 ","$31,925.00 ",,"$31,925.00 ",,"$29,400.00 ","$2,525.00 ",,"$17,742.00 ",,,,"$17,742.00 "
70043,Minn Funeral Services PAC,,pac,,"$5,900.00 ","$5,900.00 ",,"$5,900.00 ",,"$3,700.00 ","$2,200.00 ",,"$1,350.00 ",,,,"$1,350.00 "
70053,Minn Green Industry Political Action Committee,,pac,,"$4,000.00 ","$4,000.00 ",,"$4,000.00 ",,"$2,000.00 ","$2,000.00 ",,"$9,604.73 ",,,,"$9,604.73 "
40714,Minn Hospital PAC,MN Hospital,pac,biz,"$225,832.58 ","$221,932.58 ","$12,932.58 ","$212,900.00 ","$3,900.00 ","$121,900.00 ","$87,100.00 ",,"$212,532.99 ","$15,825.00 ",,,"$196,707.99 "
30277,Minn Independent Insurance Agents PAC,,pac,,"$7,250.00 ","$7,250.00 ",,"$7,250.00 ",,"$3,000.00 ","$4,250.00 ",,,,,,
40666,Minn Manufactured Home PAC,MN Manufactured Home,pac,,"$57,120.00 ","$56,920.00 ",,"$57,120.00 ",$200.00 ,"$28,720.00 ","$28,200.00 ",,"$59,027.00 ",,,,"$59,027.00 "
40824,Minn New Democrat Political Action Comm,,pac,,"$1,030.10 ","$1,030.10 ",,"$1,030.10 ",,"$1,030.10 ",,,,,,,
70021,Minn NOW PAC,,pac,,$416.00 ,$416.00 ,,$416.00 ,,$416.00 ,,,$250.00 ,,,,$250.00 
30245,Minn Nurses Assn Pol Comm (MNA-PC),MN Nurses,pac,labor,"$862,543.98 ","$626,939.35 ","$287,722.60 ","$574,821.38 ","$235,604.63 ","$277,516.75 ","$1,700.00 ","$60,000.00 ","$743,710.70 ",,,,"$743,710.70 "
41019,Minn Open Progressives Political Committee,,pac,,$0.00 ,$0.00 ,,,,,,,$105.00 ,,,,$105.00 
30089,Minn Operators of Music and Amusement PF,,pac,,$295.04 ,$295.04 ,,$295.04 ,,$295.04 ,,,,,,,
41090,Minn Organization of Republican Veterans (MORVets),MN Org of Repub Veterans,pac,prorpm,$0.00 ,$0.00 ,,,,,,,$750.00 ,$250.00 ,,,$500.00 
80003,Minn PACE,,pac,,"$5,710.00 ","$5,710.00 ",,"$5,710.00 ",,"$5,460.00 ",,$250.00 ,"$8,216.64 ",,,,"$8,216.64 "
40562,Minn Physical Therapy PAC,MN Physical Therapy,pac,,"$43,300.00 ","$43,300.00 ",,"$43,300.00 ",,"$29,800.00 ","$13,500.00 ",,"$21,776.14 ",,,,"$21,776.14 "
30599,Minn Pipe Trades Assn PAC Fund,MN Pipe Trades,pac,labor,"$76,708.66 ","$72,007.31 ",,"$76,708.66 ","$4,701.35 ","$60,757.31 ","$11,250.00 ",,"$69,877.57 ","$14,568.43 ",,,"$55,309.14 "
30135,Minn Podiatry PAC,,pac,,"$1,250.00 ","$1,250.00 ",,"$1,250.00 ",,$350.00 ,$900.00 ,,,,,,
30288,Minn Police & Peace Officers Assoc Leg Fund,MN Police Officers,pac,labor,"$46,535.25 ","$46,085.25 ","$4,685.25 ","$41,850.00 ",$450.00 ,"$30,550.00 ","$10,850.00 ",,"$107,080.00 ","$40,000.00 ",,,"$67,080.00 "
40789,Minn Power PAC,MN Power,pac,,"$58,780.00 ","$54,630.00 ",,"$58,780.00 ","$4,150.00 ","$29,255.00 ","$25,375.00 ",,"$80,492.00 ",,,,"$80,492.00 "
70044,Minn PRO PAC,,pac,,"$8,300.00 ","$8,300.00 ",,"$8,300.00 ",,"$4,200.00 ","$4,100.00 ",,"$9,930.00 ",,,,"$9,930.00 "
30098,Minn Professional Fire Fighters PAC,MN Prof Fire Fighters,pac,labor,"$58,176.67 ","$51,976.67 ",,"$58,176.67 ","$6,200.00 ","$41,026.67 ","$10,950.00 ",,"$68,533.22 ",,,,"$68,533.22 "
70006,Minn Realtors Political Action Committee,MN Realtors,pac,biz,"$380,495.43 ","$379,995.43 ","$13,945.43 ","$366,550.00 ",$500.00 ,"$181,050.00 ","$185,000.00 ",,"$325,044.25 ",,,,"$325,044.25 "
30591,Minn Seasonal Recreational Property Owners PAC,,pac,,"$37,806.79 ","$36,806.79 ","$1,256.79 ","$36,550.00 ","$1,000.00 ","$25,950.00 ","$9,600.00 ",,$250.00 ,,,,$250.00 
70030,Minn Service Cooperatives PAC,,pac,,"$1,000.00 ","$1,000.00 ",,"$1,000.00 ",,$500.00 ,$500.00 ,,$350.00 ,,,,$350.00 
40123,Minn Service Station Assoc,,pac,,"$10,700.00 ","$10,450.00 ",,"$10,700.00 ",$250.00 ,"$5,900.00 ","$4,550.00 ",,"$9,608.57 ",,$300.00 ,,"$9,308.57 "
41060,Minn Solutions,,pac,,$0.00 ,$0.00 ,,,,,,,"$2,080.35 ",,,"$2,080.35 ",
70022,Minn Soybean PAC,MN Soybean,pac,biz,"$53,325.00 ","$53,325.00 ",,"$53,325.00 ",,"$22,150.00 ","$31,175.00 ",,"$24,726.00 ",,,,"$24,726.00 "
30060,Minn State Council of UNITE HERE Unions,UNITE HERE,pac,labor,"$256,553.59 ","$215,850.00 ",,"$256,553.59 ","$40,703.59 ","$212,850.00 ",,"$3,000.00 ","$188,900.01 ","$37,500.00 ",,,"$151,400.01 "
30115,Minn State MNPL,,pac,,"$31,500.00 ","$20,500.00 ",,"$31,500.00 ","$11,000.00 ","$20,000.00 ",,$500.00 ,"$1,400.00 ",,,,"$1,400.00 "
30002,Minn State Patrol Troopers Assoc,,pac,,"$29,900.00 ","$29,900.00 ",,"$29,900.00 ",,"$21,400.00 ","$8,500.00 ",,"$12,000.00 ",,,,"$12,000.00 "
40919,Minn Thoroughbred Assn PAC Fund,,pac,,"$1,950.00 ","$1,950.00 ",,"$1,950.00 ",,$250.00 ,"$1,700.00 ",,"$2,750.00 ",,,,"$2,750.00 "
40756,Minn TruckPAC (fka Minn Trucking Assn State PAC),MN Truck,pac,biz,"$151,300.88 ","$121,050.88 ","$24,725.88 ","$126,575.00 ","$30,250.00 ","$35,900.00 ","$60,425.00 ",,"$174,228.00 ",,,,"$174,228.00 "
40494,Minn Wheat Political Action Committee,,pac,,"$8,825.00 ","$8,825.00 ",,"$8,825.00 ",,"$4,100.00 ","$4,725.00 ",,"$1,262.50 ",,,,"$1,262.50 "
40041,Minn Women's Political Caucus/PAC,,pac,,$0.00 ,$0.00 ,,,,,,,$700.10 ,,,,$700.10 
41072,Minn Young DFL,MN Young DFL,pac,prodfl,$0.00 ,$0.00 ,,,,,,,"$6,258.11 ","$2,000.00 ","$3,499.11 ",,$759.00 
30012,Minneapolis Bldg & Construct Trades Council,Mpls Bldg & Const Trades,pac,labor,"$46,548.80 ","$45,548.80 ",,"$46,548.80 ","$1,000.00 ","$44,248.80 ","$1,300.00 ",,"$1,500.00 ","$1,500.00 ",,,
41084,Minneapolis Democrats for Truth,Mpls Dems for Truth,pac,prodfl,"$2,031.26 ","$2,031.26 ","$2,031.26 ",,,,,,"$2,958.48 ","$2,958.48 ",,,
70017,Minneapolis Downtown Council PAC,Mpls Downtown Council,pac,biz,"$2,100.00 ","$2,100.00 ",,"$2,100.00 ",,"$2,100.00 ",,,"$12,150.00 ",$300.00 ,,,"$11,850.00 "
40254,Minneapolis Fire Department Pensioners PCF,,pac,labor,"$28,950.00 ","$25,950.00 ",,"$28,950.00 ","$3,000.00 ","$19,800.00 ","$6,150.00 ",,,,,,
30031,Minneapolis Firefighters Fraternal Assn (fka Relief Assn Pol Fund),Mpls Firefighters,pac,labor,"$221,862.21 ","$215,862.21 ","$3,607.21 ","$218,255.00 ","$6,000.00 ","$140,705.00 ","$71,550.00 ",,"$21,250.00 ",,,,"$21,250.00 "
30007,Minneapolis Municipal Retirement Assoc,Mpls Mun Retirement,pac,,"$187,000.00 ","$185,500.00 ",,"$187,000.00 ","$1,500.00 ","$121,500.00 ","$64,000.00 ",,,,,,
80029,Minneapolis Police Fraternal Association,,pac,labor,"$12,050.00 ","$12,050.00 ",,"$12,050.00 ",,"$8,600.00 ","$3,450.00 ",,"$31,142.22 ",,,,"$31,142.22 "
30128,Minneapolis Police Relief Assoc,Mpls Police Relief,pac,labor,"$68,856.59 ","$67,356.59 ","$3,606.59 ","$65,250.00 ","$1,500.00 ","$44,450.00 ","$19,300.00 ",,"$47,887.99 ",,,,"$47,887.99 "
70045,Minneapolis Regional Chamber of Commerce PAC,,pac,,$0.00 ,$0.00 ,,,,,,,"$2,100.00 ",,,,"$2,100.00 "
30011,Minneapolis Regional Labor Federation,Mpls Reg Labor,pac,labor,"$343,185.30 ","$328,685.30 ","$32,013.30 ","$311,172.00 ","$14,500.00 ","$285,622.00 ",$800.00 ,"$10,250.00 ","$590,589.36 ","$126,955.96 ","$8,572.00 ",,"$455,061.40 "
30123,Minneapolis Retired Police Assoc Political Fund,Mpls Retired Police,pac,labor,"$53,975.00 ","$53,725.00 ",,"$53,975.00 ",$250.00 ,"$36,375.00 ","$17,350.00 ",,"$40,000.00 ",,,,"$40,000.00 "
30632,Minnesota - America Votes,MN-America Votes,pac,ie,"$109,432.93 ","$109,432.93 ","$109,432.93 ",,,,,,"$186,984.70 ",,,,"$186,984.70 "
41051,Minnesota Future LLC,MN Future LLC,pac,ie,"$1,346,396.63 ","$116,492.00 ","$116,492.00 ","$1,229,904.63 ","$1,229,904.63 ",,,,"$2,329,000.00 ","$5,000.00 ",,,"$2,324,000.00 "
30650,Minnesota Momentum,,pac,ie,"$2,232.26 ","$2,232.26 ","$2,232.26 ",,,,,,"$5,721.83 ",,,,"$5,721.83 "
41087,Minnesota PAC,,pac,,"$5,925.00 ","$5,925.00 ",,"$5,925.00 ",,,"$5,925.00 ",,"$8,662.00 ",,,$150.00 ,"$8,512.00 "
40995,Minnesotans for Limited Government,,pac,,"$5,912.00 ","$5,912.00 ","$2,012.00 ","$3,900.00 ",,,"$3,900.00 ",,$125.00 ,,,,$125.00 
40875,Minnesotans for Lower Taxes,,pac,issue,"$2,450.00 ","$2,450.00 ",,"$2,450.00 ",,,"$2,450.00 ",,,,,,
41034,Minnesotans for Personal Choice & Competition in Health Care,,pac,ie,$0.00 ,$0.00 ,,,,,,,"$14,330.00 ",,,,"$14,330.00 "
70051,Minnesotans for Racino PAC,Minnesotans for Racino,pac,,"$38,625.00 ","$38,625.00 ",,"$38,625.00 ",,"$4,025.00 ","$34,600.00 ",,"$38,450.00 ",,,,"$38,450.00 "
40989,Minnesota's Future,Minnesota's Future,pac,ie,"$2,575,655.13 ","$2,570,655.13 ","$2,570,655.13 ","$5,000.00 ","$5,000.00 ",,,,"$3,455,409.52 ","$1,352,167.52 ",,"$263,242.00 ","$1,840,000.00 "
80017,MMGMA PAC,,pac,,"$5,200.00 ","$5,200.00 ",,"$5,200.00 ",,"$2,850.00 ","$2,350.00 ",,$200.00 ,,,,$200.00 
70016,MN Corn State PAC (fka MN Corn),MN Corn,pac,biz,"$26,720.00 ","$26,220.00 ",,"$26,720.00 ",$500.00 ,"$12,020.00 ","$14,200.00 ",,"$20,086.00 ",,,,"$20,086.00 "
41035,MN FORWARD,MN FORWARD,pac,ie,"$1,413,096.34 ","$1,413,096.34 ","$1,413,096.34 ",,,,,,"$1,841,729.75 ","$101,000.00 ",,,"$1,740,729.75 "
70050,MN HomeCare PAC,,pac,,"$10,600.00 ","$10,600.00 ",,"$10,600.00 ",,"$7,100.00 ","$3,500.00 ",,"$16,978.75 ",,,,"$16,978.75 "
30195,MN Retailers IMPACT (fka Mn Retail Pol Advocacy Fd),MN Retailers,pac,biz,"$41,075.00 ","$15,075.00 ",,"$41,075.00 ","$26,000.00 ","$4,550.00 ","$10,525.00 ",,"$30,896.44 ",$450.00 ,,,"$30,446.44 "
30608,MN State Bldg & Construction Trades Cncl Pol Fund,MN State Bld & Constr,pac,labor,"$162,194.44 ","$153,194.44 ","$20,538.45 ","$141,655.99 ","$9,000.00 ","$130,355.99 ","$2,300.00 ",,"$208,242.85 ","$22,922.42 ",,,"$185,320.43 "
80010,MN Utility Investors Pol Action Fund,,pac,,"$1,950.00 ","$1,950.00 ",,"$1,950.00 ",,$350.00 ,"$1,600.00 ",,"$1,450.00 ","$1,450.00 ",,,
40940,MOHPA PAC,MOHPA,pac,biz,"$349,069.76 ","$348,819.76 ","$5,669.76 ","$343,400.00 ",$250.00 ,"$132,700.00 ","$210,450.00 ",,"$341,825.00 ","$2,000.00 ",,,"$339,825.00 "
40907,Motorcycle PAC of Minn,,pac,,"$11,200.00 ","$11,200.00 ",,"$11,200.00 ",,"$5,850.00 ","$5,350.00 ",,,,,,
41040,MPA Political Action Committee,,pac,,"$1,700.00 ","$1,700.00 ",,"$1,700.00 ",,"$1,200.00 ",$500.00 ,,"$2,800.00 ",,,,"$2,800.00 "
80022,MPS PAC,MPS,pac,,"$18,650.00 ","$18,650.00 ",,"$18,650.00 ",,"$9,550.00 ","$9,100.00 ",,"$11,750.00 ",,,,"$11,750.00 "
80002,MSA-PAC,,pac,,"$20,750.00 ","$20,750.00 ",,"$20,750.00 ",,"$9,000.00 ","$11,750.00 ",,"$13,850.00 ",,,,"$13,850.00 "
30324,MSCA-PAC,,pac,,"$3,450.00 ","$3,450.00 ",,"$3,450.00 ",,"$1,050.00 ","$2,400.00 ",,$400.00 ,,,,$400.00 
30108,MTA PAC (fka SITCO PAC),MTA,pac,biz,"$119,975.00 ","$119,975.00 ",,"$119,975.00 ",,"$54,025.00 ","$65,950.00 ",,"$113,130.00 ",,,,"$113,130.00 "
80007,MUCA PAC (Minn Utility Contractors Assn),,pac,,$500.00 ,$500.00 ,,$500.00 ,,$500.00 ,,,"$1,250.00 ",,,,"$1,250.00 "
30124,Multi Housing Political Action Committee,Multi Housing,pac,biz,"$264,850.00 ","$263,450.00 ",,"$264,850.00 ","$1,400.00 ","$130,025.00 ","$133,425.00 ",,"$304,276.25 ","$10,000.00 ",,,"$294,276.25 "
80006,MWL Voter Outreach Political Fund,,pac,,"$1,017.66 ","$1,017.66 ","$1,017.66 ",,,,,,$728.64 ,,,,$728.64 
30557,NAIOP Economic Growth Fund,NAIOP Econ Growth,pac,biz,"$59,750.00 ","$16,750.00 ",,"$59,750.00 ","$43,000.00 ","$2,000.00 ","$14,750.00 ",,"$60,553.00 ","$1,250.00 ",,,"$59,303.00 "
30552,NARAL Pro-Choice Minn Election Fund,NARAL Pro-Choice,pac,issue,"$18,178.59 ","$15,978.59 ","$14,828.59 ","$3,350.00 ","$2,200.00 ","$1,150.00 ",,,"$13,521.00 ","$8,000.00 ",,,"$5,521.00 "
30638,NARAL Pro-Choice Minnesota,NARAL Pro-Choice MN,pac,ie,"$7,876.84 ","$7,876.84 ","$7,876.84 ",,,,,,"$4,240.00 ","$4,240.00 ",,,
30656,National Assn of Realtors Fund,Natl Assn Realtors,pac,ie,"$95,179.55 ","$95,179.55 ","$95,179.55 ",,,,,,"$95,179.55 ",,,,"$95,179.55 "
41080,New Americans,New Americans,pac,,$0.00 ,$0.00 ,,,,,,,"$5,349.31 ","$2,000.00 ","$1,343.31 ",,"$2,006.00 "
30659,Next Minnesota Inc,,pac,,"$6,106.24 ","$6,106.24 ","$6,106.24 ",,,,,,"$3,000.00 ",,,,"$3,000.00 "
40741,NFIB/MN Save Americas Free Enterprise Trust,,pac,,"$26,262.73 ","$26,262.73 ","$3,805.96 ","$22,456.77 ",,"$1,750.00 ","$20,706.77 ",,"$27,200.00 ",,,,"$27,200.00 "
30561,North Central States Carpenters PAC,N Central St Carpenters,pac,labor,"$680,014.93 ","$654,285.05 ","$22,638.55 ","$657,376.38 ","$25,729.88 ","$545,316.50 ","$85,830.00 ",$500.00 ,"$19,261.09 ","$17,811.09 ",,,
41081,North Star Project,,pac,,$150.00 ,$150.00 ,,$150.00 ,,$150.00 ,,,$400.00 ,,,,$400.00 
41023,North Star SFAA-PAC,North Star SFAA,pac,,"$91,905.00 ","$89,655.00 ","$2,605.00 ","$89,300.00 ","$2,250.00 ","$22,750.00 ","$64,300.00 ",,"$165,562.50 ",,,,"$165,562.50 "
40994,Northeast ALC PAC,Northeast ALC,pac,labor,"$13,215.35 ","$12,485.50 ",$513.00 ,"$12,702.35 ",$729.85 ,"$11,972.50 ",,,"$93,386.24 ","$24,214.38 ",,,"$69,171.86 "
40069,Northwest Petroleum NPPAC,,pac,,"$52,620.00 ","$52,320.00 ",,"$52,620.00 ",$300.00 ,"$23,520.00 ","$28,800.00 ",,,,,,
70035,NRA Political Victory Fund,,pac,,"$59,705.85 ","$59,705.85 ","$58,705.85 ","$1,000.00 ",,$500.00 ,$500.00 ,,,,,,
40894,Ottertail Power PAC,Ottertail Power,pac,biz,"$22,925.00 ","$22,725.00 ",,"$22,925.00 ",$200.00 ,"$7,875.00 ","$14,850.00 ",,"$30,294.91 ",,,,"$30,294.91 "
70033,OutFront Minnesota Action,OutFront MN,pac,issue,"$34,354.12 ","$24,626.94 ","$3,726.94 ","$30,627.18 ","$9,727.18 ","$20,900.00 ",,,"$61,740.00 ",$500.00 ,"$3,150.00 ",,"$58,090.00 "
30633,OutFront MN Action Independent Expenditure Fund,Outfront MN IE,pac,ie,"$19,551.13 ","$19,551.13 ","$19,551.13 ",,,,,,"$42,595.18 ","$28,727.18 ",,,"$13,868.00 "
40507,Painters Union Local No 61 Political Action,,pac,labor,"$1,000.00 ","$1,000.00 ",$0.00 ,"$1,000.00 ",,"$1,000.00 ",,,"$4,396.00 ",,,,"$4,396.00 "
40246,PAL 9 Natl Assoc of Letter Carriers,,pac,labor,"$30,745.00 ","$28,175.00 ",,"$30,745.00 ","$2,570.00 ","$28,175.00 ",,,"$4,000.00 ",,,,"$4,000.00 "
40276,Paper Allied-Ind Chem & Energy Workers Intl Union,,pac,,"$4,734.25 ",$0.00 ,,"$4,734.25 ","$4,734.25 ",,,,,,,,
41036,Pass the Minnesota Health Plan,,pac,,"$2,870.00 ","$2,870.00 ",,"$2,870.00 ",,"$2,870.00 ",,,"$1,505.23 ",,$488.38 ,,"$1,016.85 "
41011,Patriot PAC,Patriot PAC,pac,,$500.00 ,$500.00 ,,$500.00 ,,,$500.00 ,,"$20,663.42 ",,,$300.00 ,"$20,363.42 "
70049,PCI Minnesota Political Action Committee,,pac,,"$3,800.00 ","$3,800.00 ",,"$3,800.00 ",,"$1,000.00 ","$2,800.00 ",,"$4,000.00 ",,,,"$4,000.00 "
30268,People in Construction Political Action Comm,,pac,,"$21,900.00 ","$21,900.00 ",,"$21,900.00 ",,"$11,450.00 ","$10,450.00 ",,"$42,400.00 ",,,,"$42,400.00 "
40980,People United For Freedom,,pac,,$0.00 ,$0.00 ,,,,,,,"$1,750.00 ",,,"$1,506.25 ",$243.75 
40016,PharmPAC,PharmPAC,pac,,"$18,300.00 ","$18,300.00 ",,"$18,300.00 ",,"$9,350.00 ","$8,950.00 ",,"$12,300.00 ",,,,"$12,300.00 "
30610,Pile Drivers PAC Fund,,pac,labor,"$3,500.00 ","$3,500.00 ",,"$3,500.00 ",,"$3,500.00 ",,,,,,,
40821,Pine Bend PAC,Pine Bend,pac,,"$62,220.00 ","$62,220.00 ",,"$62,220.00 ",,"$26,570.00 ","$35,650.00 ",,"$84,275.00 ",,,,"$84,275.00 "
30239,Pipe Fitters Local 539,,pac,labor,"$71,888.07 ","$68,647.00 ",,"$71,888.07 ","$3,241.07 ","$67,897.00 ",$750.00 ,,"$40,673.33 ",,,,"$40,673.33 "
30628,"Planned Parenthood Minnesota, North Dakota, South Dakota Action Fund",Planned Parenthood,pac,ie,"$159,797.43 ","$154,797.43 ","$154,797.43 ","$5,000.00 ","$5,000.00 ",,,,"$167,925.43 ",,,,"$167,925.43 "
80012,Planned Parenthood of Minn Pol Action Fund,Planned Parenthood 2,pac,,"$79,988.70 ","$60,088.70 ","$60,088.70 ","$19,900.00 ","$19,900.00 ",,,,"$105,890.00 ",,,,"$105,890.00 "
30571,Plumbers & Pipefitters Local #589 Pol Action Comm,,pac,labor,"$18,088.28 ","$17,200.00 ",,"$18,088.28 ",$888.28 ,"$17,200.00 ",,,,,,,
30577,Plumbers & Steamfitters Local 11 PAC Fund,,pac,labor,"$27,288.08 ","$25,555.00 ",,"$27,288.08 ","$1,733.08 ","$25,555.00 ",,,"$14,095.58 ",,,,"$14,095.58 "
30033,Plumbers Local Union #15 COPE Account,,pac,labor,"$18,517.00 ","$16,217.00 ",,"$18,517.00 ","$2,300.00 ","$16,217.00 ",,,,,,,
30574,Police Officers Alliance of MN Pol Action Fund,,pac,labor,"$2,750.00 ","$2,750.00 ",,"$2,750.00 ",,"$2,500.00 ",$250.00 ,,,,,,
30085,Police Officers Fed of Mpls Contingency Fund,Police Fed of Mpls,pac,labor,"$70,750.00 ","$70,750.00 ",,"$70,750.00 ",,"$36,000.00 ","$32,500.00 ",,"$117,000.00 ",,,,"$117,000.00 "
30555,Prairie Island Indian Community PAC,Prairie Island Indian,pac,indian,"$649,179.00 ","$648,179.00 ",,"$649,179.00 ","$1,000.00 ","$464,679.00 ","$183,500.00 ",,"$560,000.00 ",,,,"$560,000.00 "
30176,Principals Action League,,pac,,"$5,250.00 ","$5,250.00 ",,"$5,250.00 ",,"$4,750.00 ",$500.00 ,,,,,,
80014,Printing Industries Political Action Committee,,pac,,"$3,650.00 ","$3,650.00 ",,"$3,650.00 ",,"$1,300.00 ","$2,350.00 ",,"$2,550.00 ",,,,"$2,550.00 "
40971,Private Citizens for Hutchinson,,pac,,$0.00 ,$0.00 ,,,,,,,"$7,862.00 ",,,,"$7,862.00 "
41047,Pro Jobs Majority,Pro Jobs Majority,pac,ie,"$784,939.76 ","$774,939.76 ","$774,939.76 ","$10,000.00 ","$10,000.00 ",,,,"$886,816.32 ","$5,500.00 ",,,"$881,316.32 "
40927,Progressive Action Duluth,,pac,,$450.00 ,$450.00 ,,$450.00 ,,$450.00 ,,,"$4,319.99 ",,,,"$4,319.99 "
41092,Progressive Kick IE,Progressive Kick,pac,ie,"$46,119.07 ","$12,772.07 ","$12,772.07 ","$33,347.00 ","$33,347.00 ",,,,"$93,500.00 ",,,,"$93,500.00 "
40981,Progressive Majority Minnesota,Progressive Maj,pac,prodfl,"$11,689.66 ","$11,564.66 ",,"$11,689.66 ",$125.00 ,"$11,564.66 ",,,"$59,451.04 ","$10,450.00 ",$401.04 ,,"$48,600.00 "
40975,PROGRESSPPAC,,pac,,"$2,500.00 ","$2,500.00 ",,"$2,500.00 ",,$500.00 ,,,"$3,125.00 ",,"$2,000.00 ",,"$1,125.00 "
80027,Project 515 PAC,Project 515,pac,,"$27,850.00 ","$27,850.00 ",,"$27,850.00 ",,"$27,350.00 ",$500.00 ,,"$29,247.55 ",$522.55 ,$400.00 ,,"$28,325.00 "
40275,Public Emp Pension Serv Assn (PEPSA) Pol Fund,,pac,,"$70,765.00 ","$70,515.00 ",,"$70,765.00 ",$250.00 ,"$39,840.00 ","$30,675.00 ",,"$16,403.09 ",,,,"$16,403.09 "
30654,Public Safety Matters Campaign,Pub Safety Matters,pac,ie,"$277,239.21 ","$277,239.21 ","$277,239.21 ",,,,,,"$307,150.00 ","$92,500.00 ",,,"$214,650.00 "
40933,Putting Minnesota First,Putting MN First,pac,ie,"$140,850.48 ","$140,850.48 ","$140,850.48 ",,,,,,"$183,989.00 ","$130,036.44 ","$2,952.56 ",,"$51,000.00 "
40990,Real Republican Majority-Minn,Real Republican Majority,pac,prorpm,$0.00 ,$0.00 ,,,,,,,"$22,250.00 ","$2,500.00 ",,,"$19,750.00 "
70025,Red Wing Area Business Leadership Council,,pac,,$479.59 ,$0.00 ,,$479.59 ,$479.59 ,,,,,,,,
41012,Republican Liberty Caucus of Minn,,pac,,"$7,525.65 ","$7,525.65 ","$4,925.65 ","$2,600.00 ",,,"$2,600.00 ",,"$6,310.00 ",,,"$4,500.00 ","$1,810.00 "
41013,Republican Metropolitan Committee,,pac,,$250.00 ,$250.00 ,,$250.00 ,,,$250.00 ,,"$7,340.00 ",,,,"$7,340.00 "
41032,Resource Party,,pac,,"$4,313.00 ","$2,313.00 ",,"$4,313.00 ","$2,000.00 ",,,,"$26,506.18 ",,,,"$26,506.18 "
30151,Retired Peoples Political Action Fund,,pac,,"$46,000.00 ","$46,000.00 ",,"$46,000.00 ",,"$23,000.00 ","$23,000.00 ",,"$14,998.97 ",,,,"$14,998.97 "
30568,Rice Michels & Walther LLP Political Fund,Rice Michels & Walther,pac,,"$16,896.02 ","$16,696.02 ",,"$16,896.02 ",$200.00 ,"$12,609.81 ","$4,086.21 ",,"$55,351.61 ",,$719.61 ,,"$54,632.00 "
30258,RKM&C Fund,RKM&C Fund,pac,lawyers,"$216,342.43 ","$181,842.43 ",,"$216,342.43 ","$34,500.00 ","$125,175.00 ","$6,500.00 ","$10,917.43 ","$221,409.51 ",,"$2,461.13 ",,"$218,948.38 "
40098,Road PAC of Minn,Road PAC,pac,,"$50,798.22 ","$40,798.22 ","$23,134.96 ","$27,663.26 ","$10,000.00 ","$13,338.26 ","$4,325.00 ",,"$70,050.30 ","$5,375.30 ",,,"$64,675.00 "
30032,Robbinsdale Federation of Teachers COPE Fund,,pac,labor,"$4,000.00 ","$4,000.00 ",,"$4,000.00 ",,"$4,000.00 ",,,$250.00 ,,,,$250.00 
40979,Rochester Citizens Coalition,Rochester Citizens Coalit,pac,,"$1,875.00 ","$1,750.00 ",,"$1,875.00 ",$125.00 ,"$1,750.00 ",,,"$14,650.33 ","$6,091.24 ",,,"$2,759.00 "
40238,Rural Electric Political Action Comm,,pac,,"$78,571.40 ","$78,321.40 ",,"$78,571.40 ",$250.00 ,"$36,150.00 ","$42,171.40 ",,,,,,
40872,Rural Minn Preservation,,pac,,"$25,866.47 ","$25,866.47 ","$24,466.47 ","$1,400.00 ",,"$1,400.00 ",,,"$17,665.00 ","$12,040.00 ","$1,750.00 ",,"$3,875.00 "
41041,RYPAC,,pac,,$750.00 ,$750.00 ,,$750.00 ,,$750.00 ,,,"$9,000.00 ",,,,"$9,000.00 "
41097,RYPAC,,pac,,$0.00 ,$0.00 ,,,,,,,"$2,300.00 ",,"$2,300.00 ",,
30192,Saint Paul Teachers Pension PAC,St Paul Teachers Pension,pac,labor,"$91,950.00 ","$90,950.00 ",,"$91,950.00 ","$1,000.00 ","$54,500.00 ","$36,450.00 ",,"$64,310.00 ",,,,"$64,310.00 "
30341,School Lunch Bunch,,pac,,"$5,050.00 ","$5,050.00 ",,"$5,050.00 ",,"$4,250.00 ",$800.00 ,,,,,,
40984,SD 19 DFL Food Booth,,pac,prodfl,"$3,870.40 ","$3,870.40 ",,"$3,870.40 ",,"$3,870.40 ",,,$150.00 ,,,,$150.00 
70042,Secretary of State Project - Minnesota,,pac,,$0.00 ,$0.00 ,,,,,,,"$2,000.00 ",,,,"$2,000.00 "
30579,SEH Employees Minn Committee,,pac,,$0.00 ,$0.00 ,,,,,,,$400.00 ,,,,$400.00 
30093,SEIU Healthcare Minn (fka SEIU Local 113),SEIU Healthcare,pac,labor,"$394,938.23 ","$96,961.36 ","$15,008.29 ","$379,929.94 ","$297,976.87 ","$69,292.97 ",,"$12,660.10 ","$302,759.21 ","$11,795.34 ",$350.00 ,,"$290,613.87 "
30602,SEIU Local 26 Political Fund,SEIU Local,pac,labor,"$81,852.47 ","$15,745.00 ",,"$81,852.47 ","$66,107.47 ","$15,745.00 ",,,"$83,994.14 ","$65,964.23 ",,,"$18,029.91 "
30037,SEIU Minn State Council Political Fund,SEIU State Council,pac,labor,"$2,242,378.62 ","$1,614,435.90 ","$109,067.72 ","$2,133,310.90 ","$627,942.72 ","$1,504,118.18 ","$1,250.00 ",,"$1,652,327.16 ","$368,079.16 ","$12,248.00 ",,"$1,272,000.00 "
40967,Senate District 30 Fund,,pac,,"$1,130.38 ",$739.14 ,,"$1,130.38 ",$391.24 ,$739.14 ,,,"$1,850.00 ",$700.00 ,$750.00 ,,$400.00 
70032,Sensible Gun Laws,Sensible Gun Laws,pac,,"$1,180.54 ","$1,180.54 ",,"$1,180.54 ",,"$1,180.54 ",,,"$1,000.00 ",$500.00 ,$500.00 ,,
30607,Service Employees Local 63,,pac,labor,$500.00 ,$500.00 ,,$500.00 ,,$500.00 ,,,,,,,
40550,Shakopee Mdewakanton Sioux,Shakopee Mdew. Sioux,pac,indian,"$1,464,957.00 ","$1,460,957.00 ",,"$1,464,957.00 ","$4,000.00 ","$1,274,207.00 ","$171,750.00 ","$15,000.00 ","$1,175,000.00 ",,,,"$1,175,000.00 "
30588,Sheet Metal Workers PAC 10,Sheet Metal Workers,pac,labor,"$120,689.56 ","$119,065.00 ",,"$120,689.56 ","$1,624.56 ","$118,415.00 ",$650.00 ,,"$57,000.00 ",,,,"$57,000.00 "
80020,Sierra Club Political Committee,Sierra Club,pac,,"$44,924.72 ","$40,424.72 ","$39,339.72 ","$5,585.00 ","$4,500.00 ",$725.00 ,,$360.00 ,"$41,329.03 ",,,,"$41,329.03 "
41085,Small Business Minnesota Political Action Committee,,pac,,$0.00 ,$0.00 ,,,,,,,"$2,900.00 ",,,,"$2,900.00 "
70052,SMART PAC,SMART PAC,pac,,"$16,500.00 ","$16,500.00 ",,"$16,500.00 ",,"$9,500.00 ","$7,000.00 ",,"$20,400.00 ",,,,"$20,400.00 "
30560,So Dakota Cty Labor Council COPE Fund,,pac,labor,"$4,450.14 ",$800.00 ,,"$4,450.14 ","$3,650.14 ",$800.00 ,,,"$7,790.28 ","$3,650.14 ",,,"$4,140.14 "
30120,SOF-PAC,SOF,pac,,"$34,250.00 ","$19,250.00 ",,"$34,250.00 ","$15,000.00 ","$4,050.00 ","$15,200.00 ",,"$44,915.00 ",,,,"$44,915.00 "
30637,Somali Action Alliance Political Fund,Somali Action Alliance,pac,ie,"$44,374.96 ","$44,374.96 ","$44,374.96 ",,,,,,"$54,575.00 ","$10,000.00 ",,,"$44,575.00 "
30221,Southern Minn Beet Sugar Cooperative PAC,,pac,,"$3,200.00 ","$3,200.00 ",,"$3,200.00 ",,"$1,000.00 ","$2,200.00 ",,,,,,
41038,Southern Minnesota Conservative Alliance,,pac,,$948.17 ,$948.17 ,$948.17 ,,,,,,$810.00 ,,,,$810.00 
41078,Spec Corp for Ethics and Justice in America,,pac,ie,$0.00 ,$0.00 ,,,,,,,$820.00 ,,,,$820.00 
40958,Sportsmen for Change,,pac,issue,$600.00 ,$600.00 ,,$600.00 ,,,,$600.00 ,,,,,
30234,Sprinkler Fitters Local Union No 417,,pac,labor,"$18,369.00 ","$17,950.00 ",,"$18,369.00 ",$419.00 ,"$17,700.00 ",$250.00 ,,,,,,
30255,St Croix Valley Central Labor Union,,pac,labor,"$3,059.96 ",$0.00 ,,"$3,059.96 ","$3,059.96 ",,,,,,,,
30556,St Paul Area Chamber of Commerce PAC,St Paul Chamber,pac,biz,"$12,616.67 ","$1,616.67 ",$66.67 ,"$12,550.00 ","$11,000.00 ",,"$1,550.00 ",,"$98,420.00 ","$2,600.00 ",,,"$95,820.00 "
30154,St Paul Firefighters Local 21 Political Action Committee,St Paul Firefight Loc 21,pac,labor,"$32,400.00 ","$17,000.00 ",,"$32,400.00 ","$15,400.00 ","$16,000.00 ","$1,000.00 ",,"$32,332.00 ",,,,"$32,332.00 "
30325,St Paul Pipefitters Local 455 PAC,St Paul Pipefitters,pac,labor,"$114,717.00 ","$107,340.00 ",,"$114,717.00 ","$7,377.00 ","$106,840.00 ",$500.00 ,,"$47,695.30 ",,,,"$47,695.30 "
30603,St Paul Police Federation Political Awareness Fund,St Paul Police Fed,pac,labor,"$5,500.00 ","$5,500.00 ",,"$5,500.00 ",,"$5,500.00 ",,,"$65,945.00 ","$11,200.00 ",,,"$54,745.00 "
40790,St Paul Regional Labor Federation AFL-CIO (fka St Pl Trds & Lbr Asmbly PAC),St Paul Reg Labor Fed,pac,labor,"$49,729.01 ","$36,778.87 ","$1,528.87 ","$48,200.14 ","$12,950.14 ","$35,250.00 ",,,"$104,343.99 ","$43,735.10 ",,,"$60,608.89 "
41049,State Fund for Economic Growth LLC,State Fund Econ Growth,pac,ie,"$200,000.00 ",$0.00 ,,"$200,000.00 ","$200,000.00 ",,,,"$250,050.00 ",,,,"$250,050.00 "
40634,Stonewall DFL (The),Stonewall DFL,pac,prodfl,"$9,276.08 ","$8,956.08 ",,"$9,276.08 ",$320.00 ,"$8,956.08 ",,,"$19,599.00 ","$1,000.00 ","$3,355.00 ",,"$15,244.00 "
41055,Stop Zebra Mussel Association,,pac,,$0.00 ,$0.00 ,,,,,,,"$20,200.00 ",,,,"$20,200.00 "
30550,Suburban School Emp Local 284 Pol Act Fund,Suburban Sch Local 284,pac,labor,"$106,936.91 ","$15,960.50 ",,"$106,936.91 ","$90,976.41 ","$10,548.00 ",,"$5,412.50 ","$35,049.39 ","$12,049.39 ",,,"$23,000.00 "
70026,Take Action PAC,Take Action,pac,prodfl,"$116,374.88 ","$109,302.88 ","$92,946.47 ","$23,428.41 ","$7,072.00 ","$8,919.41 ",,"$7,437.00 ","$276,255.40 ","$204,345.40 ","$10,060.00 ",,"$61,850.00 "
30636,TakeAction Political Fund,TakeAction,pac,ie,"$389,811.98 ","$389,811.98 ","$38,439.25 ","$351,372.73 ",,,,"$351,372.73 ","$836,663.19 ","$9,500.00 ",,,"$826,513.19 "
40794,Taxpayers League MN Victory Fund,,pac,prorpm,"$2,550.00 ","$2,550.00 ",,"$2,550.00 ",,,"$2,550.00 ",,"$5,744.95 ",,,"$5,444.95 ",$300.00 
30622,TCO Political Action Committee,,pac,,"$25,000.00 ","$25,000.00 ",,"$25,000.00 ",,"$8,000.00 ","$17,000.00 ",,"$18,200.00 ",,,,"$18,200.00 "
80023,Teamsters Local 120 DRIVE,Teamsters Local 120,pac,labor,"$192,146.00 ","$185,396.00 ",,"$192,146.00 ","$6,750.00 ","$178,596.00 ","$4,300.00 ",,"$328,797.07 ","$328,797.07 ",,,
30641,TEMPO Political Fund,,pac,,"$1,350.00 ","$1,350.00 ",,"$1,350.00 ",,,,"$1,350.00 ",,,,,
40987,Tenth Judicial District Evaluation Committee,,pac,,$960.80 ,$960.80 ,$460.80 ,$500.00 ,,,,,$350.00 ,,,,$350.00 
30225,TRIAL-PAC,TRIAL PAC,pac,lawyers,"$390,513.17 ","$358,913.17 ","$1,251.30 ","$389,261.87 ","$31,600.00 ","$307,036.87 ","$49,375.00 ",$750.00 ,"$410,213.55 ","$38,000.00 ","$2,400.00 ",,"$369,813.55 "
40963,TRUTH PAC,,pac,,$0.00 ,$0.00 ,,,,,,,$400.00 ,,,,$400.00 
41048,Twin Cities Jewish Community PAC,,pac,,$0.00 ,$0.00 ,,,,,,,$200.00 ,,,,$200.00 
40810,Twin Cities Republican Assn,,pac,prorpm,"$10,200.00 ","$10,200.00 ",,"$10,200.00 ",,,"$9,450.00 ",,$375.00 ,,,,$375.00 
70013,TwinWest Chamber of Commerce PAC,TwinWest Chamber,pac,biz,"$64,638.29 ","$23,817.60 ","$9,817.60 ","$54,820.69 ","$40,820.69 ","$1,250.00 ","$12,750.00 ",,"$77,335.00 ","$1,100.00 ",,,"$76,235.00 "
30083,U A Plumbers Local #34 Political Fund,UA Plumbers Loc 34,pac,labor,"$27,500.00 ","$25,900.00 ",,"$27,500.00 ","$1,600.00 ","$25,600.00 ",$300.00 ,,"$22,053.48 ",,,$300.00 ,"$21,753.48 "
40245,U of M Faculty Candidate Support Committee,,pac,,$200.00 ,$200.00 ,,$200.00 ,,,$200.00 ,,,,,,
30035,UAW Minn State CAP Council Political Fd,,pac,labor,"$4,628.70 ","$3,800.00 ",,"$4,628.70 ",$828.70 ,"$3,800.00 ",,,"$5,500.94 ",,,,"$5,500.94 "
41001,UFCW Active Ballot Club,,pac,labor,"$107,350.00 ","$107,350.00 ",,"$107,350.00 ",,"$107,350.00 ",,,,,,,
30649,Unidos Votamos - United We Vote,,pac,,"$4,000.00 ","$4,000.00 ",,"$4,000.00 ",,"$4,000.00 ",,,"$19,684.43 ","$2,200.00 ","$7,500.00 ",,"$9,984.43 "
30606,UNITE HERE TIP State and Local Fund-MN,UNITE HERE,pac,labor,"$52,500.00 ","$15,000.00 ",,"$52,500.00 ","$37,500.00 ","$15,000.00 ",,,"$7,994,955.45 ",,,,"$7,994,955.45 "
30174,United Food & Commerical Workers Council 6,,pac,labor,"$73,706.00 ","$73,706.00 ",,"$73,706.00 ",,"$73,206.00 ",$500.00 ,,"$24,506.70 ",,,,"$24,506.70 "
40745,United Steelworkers District 11 Non-Federal Acct,United Steelworkers,pac,labor,"$104,000.00 ","$77,000.00 ",,"$104,000.00 ","$27,000.00 ","$77,000.00 ",,,"$247,244.25 ","$4,734.25 ",,,"$242,510.00 "
40961,USW Local 264 PAC,,pac,labor,$900.00 ,$900.00 ,,$900.00 ,,$900.00 ,,,"$1,390.50 ",,,,"$1,390.50 "
30041,USW LU 1938 PAC,,pac,labor,$600.00 ,$600.00 ,,$600.00 ,,$600.00 ,,,,,,,
30019,UTU PAC-MN,UTU,pac,labor,"$92,975.00 ","$92,275.00 ",,"$92,975.00 ",$700.00 ,"$91,825.00 ",$450.00 ,,"$54,675.06 ",,,,"$54,675.06 "
80005,VET-PAC of Minn,,pac,,"$34,400.00 ","$34,200.00 ",,"$34,400.00 ",$200.00 ,"$20,350.00 ","$13,850.00 ",,$740.00 ,,,,$740.00 
41021,VOICES of Conservative Women State PAC (VOICESPAC),VOICES Conservative Women,pac,prorpm,"$59,204.39 ","$56,204.39 ","$45,682.67 ","$13,521.72 ","$3,000.00 ",,"$10,521.72 ",,"$104,133.92 ","$1,750.00 ",,"$4,300.00 ","$98,083.92 "
40761,Volunteer Fire Fighter Political Committee,,pac,,"$2,250.00 ","$2,250.00 ",,"$2,250.00 ",,"$2,250.00 ",,,,,,,
30191,VOTE - 66,Vote-66,pac,labor,"$26,800.00 ","$18,600.00 ",,"$26,800.00 ","$8,200.00 ","$18,600.00 ",,,"$27,500.00 ",$500.00 ,,,"$27,000.00 "
41050,Vote Racino Now Committee,Vote Racino Now,pac,ie,"$121,761.36 ","$121,761.36 ","$121,761.36 ",,,,,,"$155,565.22 ",,,,"$155,565.22 "
40941,WAMP,,pac,,"$3,325.00 ","$3,325.00 ",,"$3,325.00 ",,"$3,325.00 ",,,"$3,500.00 ",,,,"$3,500.00 "
40537,Waste Management PAC of Minn,,pac,biz,"$11,250.00 ","$11,250.00 ",,"$11,250.00 ",,"$5,550.00 ","$5,700.00 ",,"$10,400.00 ",,,,"$10,400.00 "
41062,Whig Party of Minnesota,,pac,,$0.00 ,$0.00 ,,,,,,,"$2,020.26 ",,,,"$2,020.26 "
40916,White Earth PAC,White Earth,pac,,"$2,950.00 ","$2,950.00 ",,"$2,950.00 ",,$450.00 ,"$2,500.00 ",,"$11,800.00 ",,,,"$11,800.00 "
30625,WIN Minnesota Political Action Fund,WIN Minnesota,pac,ie,"$5,697,488.30 ",$0.00 ,,"$5,697,488.30 ","$5,697,488.30 ",,,,"$5,737,990.71 ","$230,461.93 ",,,"$5,507,528.78 "
40913,Windingstad Political Action,,pac,,"$4,274.35 ","$4,274.35 ",,"$4,274.35 ",,"$4,274.35 ",,,,,,,
30345,Winthrop & Weinstine PA Political Fund,Winthrop & Weinstine,pac,,"$29,210.63 ","$26,810.63 ",,"$29,210.63 ","$2,400.00 ","$12,080.00 ","$13,550.00 ",$750.00 ,"$41,950.00 ",,,,"$41,950.00 "
41089,Women's Victory Fund (Women PAC),Women's Victory Fund,pac,ie,"$9,643.77 ","$9,643.77 ","$9,643.77 ",,,,,,"$13,250.00 ","$3,000.00 ",,,"$10,250.00 "
40268,womenwinning State PAC,womenwinning,pac,prodfl,"$59,900.00 ","$59,900.00 ","$4,000.00 ","$55,900.00 ",,"$55,900.00 ",,,"$535,494.01 ","$15,675.00 ","$13,687.50 ",,"$506,131.51 "
30623,Working America Minn Political Committee,Working America MN,pac,ie,"$272,370.42 ","$272,370.42 ","$272,370.42 ",,,,,,"$487,875.43 ","$304,207.24 ",,,"$183,668.19 "
30618,Working Families Fund,Working Families,pac,,"$20,893.51 ","$13,393.51 ",$543.51 ,"$20,350.00 ","$7,500.00 ","$12,650.00 ",,$200.00 ,"$61,541.86 ","$8,519.78 ",,,"$53,022.08 "
40877,Xcel Energy Employees PAC (fka Power PAC),Xcel,pac,biz,"$100,890.00 ","$100,890.00 ",,"$100,890.00 ",,"$44,240.00 ","$56,650.00 ",,"$112,161.69 ",,,,"$112,161.69 "
40974,Young Progressive Majority MN,,pac,,$500.00 ,$500.00 ,,$500.00 ,,$500.00 ,,,"$1,643.72 ",,,,"$1,643.72 "
41082,ZacPAC,,pac,,$0.00 ,$0.00 ,,,,,,,"$2,000.00 ",,,,"$2,000.00 "
